Date,Sales,Temperature,Promotion,Holiday
2024-01-01,150,15.5,0,1
2024-01-02,120,16.2,0,0
2024-01-03,135,17.1,1,0
2024-01-04,145,16.8,1,0
2024-01-05,160,15.9,0,0
2024-01-06,155,14.5,0,1
2024-01-07,140,15.2,0,1
2024-01-08,125,16.5,0,0
2024-01-09,130,17.3,0,0
2024-01-10,142,16.9,1,0
2024-01-11,158,15.8,1,0
2024-01-12,165,14.7,0,0
2024-01-13,170,15.1,0,1
2024-01-14,162,16.4,0,1
2024-01-15,148,17.2,0,0
2024-01-16,138,16.7,0,0
2024-01-17,145,15.6,1,0
2024-01-18,155,14.9,1,0
2024-01-19,168,15.3,0,0
2024-01-20,175,16.1,0,1
2024-01-21,172,16.8,0,1
2024-01-22,158,17.4,0,0
2024-01-23,142,16.5,0,0
2024-01-24,135,15.7,1,0
2024-01-25,148,14.8,1,0
2024-01-26,162,15.4,0,0
2024-01-27,178,16.2,0,1
2024-01-28,180,17.1,0,1
2024-01-29,165,16.9,0,0
2024-01-30,152,15.8,0,0
