DateTime,Consumption,Temperature,DayOfWeek
2024-01-01 00:00:00,520.5,18.5,0
2024-01-01 01:00:00,480.2,17.8,0
2024-01-01 02:00:00,450.8,17.2,0
2024-01-01 03:00:00,430.5,16.9,0
2024-01-01 04:00:00,420.3,16.5,0
2024-01-01 05:00:00,440.7,16.8,0
2024-01-01 06:00:00,490.2,17.5,0
2024-01-01 07:00:00,580.5,18.9,0
2024-01-01 08:00:00,680.3,20.2,0
2024-01-01 09:00:00,750.8,21.5,0
2024-01-01 10:00:00,820.5,22.8,0
2024-01-01 11:00:00,870.2,23.5,0
2024-01-01 12:00:00,890.7,24.1,0
2024-01-01 13:00:00,880.3,24.3,0
2024-01-01 14:00:00,860.5,24.0,0
2024-01-01 15:00:00,840.8,23.5,0
2024-01-01 16:00:00,820.2,22.8,0
2024-01-01 17:00:00,800.5,22.1,0
2024-01-01 18:00:00,780.7,21.5,0
2024-01-01 19:00:00,760.3,20.8,0
2024-01-01 20:00:00,720.5,20.2,0
2024-01-01 21:00:00,680.2,19.5,0
2024-01-01 22:00:00,620.8,18.9,0
2024-01-01 23:00:00,560.5,18.3,0
