Date,Temperature,Humidity,Pressure,WindSpeed
2024-01-01,22.5,65,1013.2,12.3
2024-01-02,23.1,62,1012.8,11.8
2024-01-03,21.8,68,1014.1,13.5
2024-01-04,20.5,72,1015.3,14.2
2024-01-05,22.3,64,1013.7,12.1
2024-01-06,24.2,58,1012.4,10.5
2024-01-07,25.1,55,1011.9,9.8
2024-01-08,23.8,60,1013.1,11.2
2024-01-09,22.4,66,1014.5,12.8
2024-01-10,21.2,70,1015.8,13.9
2024-01-11,23.5,63,1013.3,11.5
2024-01-12,24.8,57,1012.1,10.2
2024-01-13,25.5,54,1011.5,9.5
2024-01-14,24.1,59,1012.9,10.8
2024-01-15,22.9,65,1014.2,12.4
2024-01-16,21.5,71,1015.6,14.1
2024-01-17,23.2,64,1013.5,11.7
2024-01-18,24.6,58,1012.3,10.4
2024-01-19,25.3,55,1011.7,9.6
2024-01-20,23.9,60,1013.0,11.0
2024-01-21,22.6,66,1014.4,12.6
2024-01-22,21.3,70,1015.7,13.8
2024-01-23,23.4,63,1013.4,11.6
2024-01-24,24.7,57,1012.2,10.3
2024-01-25,25.4,54,1011.6,9.7
2024-01-26,24.0,59,1012.8,10.9
2024-01-27,22.8,65,1014.3,12.5
2024-01-28,21.4,71,1015.5,14.0
2024-01-29,23.3,64,1013.6,11.8
2024-01-30,24.5,58,1012.5,10.6
