DateTime,PM2.5,PM10,NO2,SO2,AQI
2024-01-01 00:00:00,45.2,85.5,25.3,10.2,110
2024-01-01 01:00:00,42.5,82.1,24.1,9.8,105
2024-01-01 02:00:00,38.8,78.5,22.5,9.5,100
2024-01-01 03:00:00,35.2,75.2,21.8,9.2,95
2024-01-01 04:00:00,32.5,72.8,20.5,8.8,90
2024-01-01 05:00:00,35.8,76.5,23.2,9.5,98
2024-01-01 06:00:00,48.2,92.5,35.5,12.5,120
2024-01-01 07:00:00,65.5,110.2,45.8,15.2,155
2024-01-01 08:00:00,78.2,125.5,52.5,18.5,175
2024-01-01 09:00:00,85.5,138.2,58.8,20.2,185
2024-01-01 10:00:00,82.8,135.5,55.2,19.5,180
2024-01-01 11:00:00,75.5,128.2,48.5,17.2,165
2024-01-01 12:00:00,68.2,120.5,42.8,15.5,150
2024-01-01 13:00:00,62.5,115.8,38.5,14.2,140
2024-01-01 14:00:00,58.8,112.5,35.2,13.5,135
2024-01-01 15:00:00,55.5,108.2,32.5,12.8,130
2024-01-01 16:00:00,58.2,112.5,35.8,13.5,135
2024-01-01 17:00:00,65.5,125.8,45.2,16.2,155
2024-01-01 18:00:00,75.2,138.5,52.5,18.5,170
2024-01-01 19:00:00,82.5,145.2,58.8,20.5,180
2024-01-01 20:00:00,78.8,140.5,55.5,19.2,175
2024-01-01 21:00:00,72.5,132.8,48.2,17.5,160
2024-01-01 22:00:00,65.2,125.5,42.5,15.8,150
2024-01-01 23:00:00,55.5,110.2,35.2,12.5,130
