Date,Visits,UniqueUsers,BounceRate,AvgSessionDuration
2024-01-01,1500,1200,45.2,185
2024-01-02,2800,2100,38.5,210
2024-01-03,3200,2400,35.8,240
2024-01-04,3100,2350,36.2,235
2024-01-05,2900,2150,39.1,205
2024-01-06,1800,1400,42.5,190
2024-01-07,1900,1450,41.8,195
2024-01-08,3500,2600,34.5,250
2024-01-09,3600,2700,33.8,255
2024-01-10,3800,2850,33.2,260
2024-01-11,3700,2800,34.1,245
2024-01-12,3400,2550,36.5,225
2024-01-13,2000,1500,43.2,180
2024-01-14,2100,1600,42.5,185
2024-01-15,3900,2950,32.8,270
2024-01-16,4100,3100,32.1,280
2024-01-17,4000,3050,32.5,275
2024-01-18,3950,2900,33.0,265
2024-01-19,3600,2700,35.2,230
2024-01-20,2200,1650,44.5,175
2024-01-21,2300,1750,43.8,180
2024-01-22,4200,3150,31.5,285
2024-01-23,4300,3250,31.0,290
2024-01-24,4250,3200,31.2,288
2024-01-25,4100,3050,32.5,270
2024-01-26,3800,2850,34.8,240
2024-01-27,2400,1800,45.1,170
2024-01-28,2500,1900,44.2,175
2024-01-29,4400,3300,30.5,300
2024-01-30,4500,3400,30.0,305
