date,rainfall,temperature,humidity,yield
2010-01-01,54.96714153011233,26.07336208104485,52.02786170602816,6.27277131154361
2010-01-31,63.61735698828815,31.682353579104703,64.50312488523113,5.6615798635572405
2010-03-02,82.45764749454008,36.90940776737021,73.0165995553575,6.314564337553989
2010-04-01,95.23029856408026,38.16140615610471,75.2349029688237,6.653227021117856
2010-05-01,73.6392283662998,29.527245933973116,70.74005369937036,6.37045274159445
2010-05-31,62.6586304305082,27.18652488025463,70.61424966173749,6.706885108364853
2010-06-30,65.79212815507393,26.54510580162598,54.66189785308703,6.006450513289108
2010-07-30,42.674347291529095,21.54135785273663,51.78810257489354,5.307158427473989
2010-08-29,19.324494027117325,17.884889021073757,47.611097101792915,4.497118256924751
2010-09-28,25.425600435859646,26.558194471964164,47.57219417029374,5.87941557856574
2010-10-28,19.385060958342223,18.052417494235115,50.567693333677866,5.236631790784818
2010-11-27,30.342702464297417,23.406696920541794,46.87678954081065,5.510513494039901
2010-12-27,52.41962271566033,27.862005290479605,52.329429146321885,5.9892827776851725
2011-01-26,45.86719755342202,31.954173753917395,73.88838410949255,5.231988549183058
2011-02-25,58.73158378840283,32.714446303923346,74.65195111666453,6.522634954456937
2011-03-27,74.37712470759027,37.276907661479804,71.25756731721724,5.912463465670384
2011-04-26,65.85245091018894,31.341778394231675,80.7461409343792,6.032778536873663
2011-05-26,68.14247332595274,29.289544179779973,68.07837317146429,6.366102244699664
2011-06-25,40.919759244787905,23.543909356512692,65.89648592031914,5.889893422242406
2011-07-25,20.876962986647115,20.245622418158973,52.83759240705056,5.24698558792463
2011-08-24,38.67572557568238,23.283721662176138,57.313358567643355,5.450558257988861
2011-09-23,17.742236995134643,10.0,53.77670421221602,4.746285247043492
2011-10-23,24.694519933346065,18.398526533279153,45.764798200838044,5.728424074273389
2011-11-22,20.75251813786539,15.16185238643103,57.35785475477176,5.326768995925352
2011-12-22,44.55617275474816,23.584204402631695,63.22687974792573,6.298289663218367
2012-01-21,66.10922589709868,33.26685179090211,74.34315778766175,5.755477225467513
2012-02-20,64.47082633931014,33.85309409513078,68.16576375386606,5.549880375952091
2012-03-21,83.75698018345672,31.76676566621208,78.43025729999219,6.299065244328636
2012-04-20,69.97437521434513,31.514342910064492,78.28250349101454,6.090487832470286
2012-05-20,62.083062502067236,32.038793246804026,58.70630256788443,6.217979043242428
2012-06-19,43.9829338777061,22.808900104848615,54.08370743667116,5.262364293882108
2012-07-19,53.522781845089405,20.649375768745934,42.30383911119951,6.3117895211772685
2012-08-18,23.88426563908753,16.476461481867066,45.66258477101064,5.004106017301408
2012-09-17,10.0,13.04519895718255,48.58771127897981,4.474195626874902
2012-10-17,32.24468700749874,22.771578230131595,54.52140420371356,5.229841339078504
2012-11-16,22.791563500289776,21.901757066954033,52.87047390209887,4.804462121793766
2012-12-16,52.08863595004753,18.92457224002717,68.14307772785645,5.984952506190884
2013-01-15,45.403298761202215,30.559362944308273,60.59949270892553,5.6520932181651515
2013-02-14,62.698901624548824,31.67489464353921,64.47346885999079,5.533245030391701
2013-03-16,81.96861235869123,37.55730000438867,74.72226150551691,5.622983615335306
2013-04-15,83.36542791348727,31.28269182254628,74.91070830146312,6.2524385573553936
2013-05-15,66.7136828118998,29.655790675599338,67.33652625952959,6.602190580044846
2013-06-14,48.84351717611762,26.514961836941378,49.66278949980063,5.823244846266203
2013-07-14,31.988963044107155,22.597265582510378,52.05439980243608,5.068699654072231
2013-08-13,10.0,12.738856740988297,40.487271440709165,4.513219917823632
2013-09-12,12.801557916052914,13.996496292477154,48.348362744150194,4.624038902020614
2013-10-12,19.41285017686892,14.914910028672729,48.84261017371764,4.074936512088543
2013-11-11,45.57122226218914,18.04001230227886,47.800601068363214,5.547136600402382
2013-12-11,53.43618289568459,30.29636272084328,57.43066541331652,5.734625162808924
2014-01-10,47.36959844637262,31.214945132882853,62.20393239055523,5.845506621727336
2014-02-09,79.22160180748112,29.87760217483926,72.67698557040073,6.895238755891263
2014-03-11,76.14917719583684,37.75358584116433,79.77571160250619,6.223273760722848
2014-04-10,69.21154211047357,40.0,68.06175082508886,5.553564235043022
2014-05-10,71.11676288840869,33.09739578165345,70.02023257758923,5.6855076960629995
2014-06-09,60.30999522495954,20.441890102137968,57.34871190813781,6.750302350581047
2014-07-09,44.312801191161945,18.54729778140123,48.53563583868826,5.581386443097648
2014-08-08,15.62706265424049,20.140479409715493,46.47446714346064,5.073744011144469
2014-09-07,16.907876241487855,12.876991603143658,39.82378838790313,4.724769578853939
2014-10-07,27.33187220050248,17.6712042465943,44.24137241649751,5.239623084570121
2014-11-06,44.75545127122358,22.323902160288004,46.510610537055754,5.717996009861689
2014-12-06,45.208257621546956,22.219208585265704,69.82362566458187,5.593026979630154
2015-01-05,63.143410233361784,29.821423931814586,67.67631775985862,5.857739325704388
2015-02-04,64.91741237347284,23.93645201763716,69.49175351680364,6.235344867286516
2015-03-06,68.0379337591933,31.92683707599713,76.0698995536711,5.85138939004388
2015-04-05,84.1060203374752,32.90254958366492,72.42874080831245,6.073139192763109
2015-05-05,78.56240028570824,26.256650454105458,66.3951520023339,6.540344551316461
2015-06-04,49.2798987841966,29.897233911794885,63.07083350021709,5.664243114867931
2015-07-04,45.03532897892029,15.709575866118119,56.287538550236555,5.887383269459119
2015-08-03,27.635598136943166,15.01961250206466,44.357113205180774,4.258401645324193
2015-09-02,13.548802453948756,15.392221731858275,42.1209087967766,5.118039191248628
2015-10-02,27.633193941550974,20.663565829353956,45.634360457475196,5.7096677280480055
2015-11-01,50.38036566465976,15.692413546461703,40.99039417632211,4.920210920893835
2015-12-01,49.641739608900444,28.489491256464866,52.42404468900722,5.715553951130661
2015-12-31,80.64643655813992,30.03069918305871,74.33437133722255,6.249961512211125
2016-01-30,49.78331107263567,30.715728084700523,81.21521962427298,5.287626308802341
2016-02-29,88.21902504375224,36.38631042278981,73.75481980221811,5.961719973458292
2016-03-30,76.85123279591492,34.25743312456482,75.87316587204543,5.740980246050308
2016-04-29,62.009926495341354,28.199349368523624,69.05625077271769,6.605912194507733
2016-05-29,50.91760776535518,25.209406254970105,75.39440404227626,6.288585360502837
2016-06-28,15.12431085399113,18.844059209414738,58.097874557172915,5.376155706048807
2016-07-28,21.82251900809171,16.680297997909356,46.37003098582958,5.236966899270273
2016-08-27,23.571125715117464,16.98639202356314,40.22229779699787,4.732026584115338
2016-09-26,38.798178333881886,21.09779641059163,38.9773873419455,5.423497307323287
2016-10-26,29.81729781726359,16.286553503519475,53.517318179336144,5.307485999889621
2016-11-25,41.91506397106807,31.399100123968783,56.21824627357846,5.151707930555339
2016-12-25,59.982429564154664,24.143736601432504,60.38873145201164,6.370734950406436
2017-01-24,85.13478329055386,33.20489875273762,69.75751663555391,6.220353108726757
2017-02-23,83.28751109659684,36.76495161945373,69.59225998192802,5.9650563986943705
2017-03-25,70.68316007586283,34.50322964104951,81.42608923212943,6.151789709925829
2017-04-24,70.13267433113359,28.13190144053823,71.90819878474727,6.379337408041572
2017-05-24,50.97077549348035,24.375633248928157,59.960136793416886,5.879907322570292
2017-06-23,44.686449905328956,18.520997196023522,59.89972069445016,5.917577798917029
2017-07-23,16.998706947693414,14.571651691323012,47.396460481471564,4.49423772524005
2017-08-22,16.723378534022316,17.548806291063073,40.693578993358685,5.146688567316879
2017-09-21,20.098156355145253,17.410792420050754,54.6252393295817,5.200433125495958
2017-10-21,20.36485051867887,17.921271214218056,55.19455021842332,4.960496639290284
2017-11-20,52.961202770645706,27.69879962629973,54.81376922836769,6.022123980770562
2017-12-20,67.61055272179874,30.921898562629774,66.54830660958187,5.680782053388896
2018-01-19,76.03189667995771,36.09884039436125,68.61228978984276,6.242904019643162
2018-02-18,77.65412866624852,36.888886525770836,68.08600134517832,5.9031676061035325
2018-03-20,61.82705469302898,31.173269005078158,77.62126879442476,5.77106073745096
2018-04-19,60.79354677234645,28.319456879409106,77.04708320235066,6.364600859227541
2018-05-19,46.572854834732475,27.241880815369843,53.007162130904376,5.608059948763329
2018-06-18,26.97722730778388,21.831110796300415,55.31484618345289,4.95856169706163
2018-07-18,22.406380769806745,16.277041180263165,43.756406097624286,4.544990922352122
2018-08-17,24.040508568145384,15.351982149926346,42.56437308117652,5.180212264262917
2018-09-16,42.881096898572125,20.172740649520886,44.047649322039064,5.232130164698602
2018-10-16,36.74577812831826,18.225285833492467,48.180046151600855,5.922618108836297
2018-11-15,52.57550390722758,26.641292143510093,60.2426081397241,5.34486664860393
2018-12-15,64.25554084233816,29.393422042698262,63.34524941794473,6.574376625198862
2019-01-14,56.7930499605428,33.00721042816274,74.34266518566581,5.798805717963504
2019-02-13,79.73486124550783,38.29633055596157,74.74880945275432,5.90086676355096
2019-03-15,76.5830642129435,36.1365030848085,71.79564082243456,5.811360403975761
2019-04-14,89.6324211248529,32.44052890800193,62.96218168979204,6.5403628114025825
2019-05-14,48.07639035218895,28.916436421463047,57.11614334715842,5.754415575243172
2019-06-13,38.01547342333602,20.06301152489824,56.27695612912872,5.844450609316589
2019-07-13,23.67212018941441,18.385604876040507,49.514204881355326,5.176990942188925
2019-08-12,10.0,14.069199730219632,40.11222377600724,4.698550514949545
2019-09-11,35.447466031617026,17.312245019620935,47.506280470379544,5.215477907949231
2019-10-11,42.5193303268676,19.6095708368969,56.256935616858875,5.563781461265878
2019-11-10,57.91031947043018,25.29098789497806,51.652973594393,6.235997525327319
2019-12-10,55.90612545205262,31.785471076310746,70.21680096189968,5.265798437428528
2020-01-09,90.0087052228941,31.20559198814395,69.67726226203732,6.08543887841897
2020-02-08,65.98148937207719,40.0,77.8529933429658,5.792609015648359
2020-03-09,81.84933305153594,30.642201893345305,69.17408527405402,6.406136197801835
2020-04-08,86.90455625809984,26.35743416163682,58.47558949667743,6.615024416174353
2020-05-08,40.09463674869309,28.474332620500192,51.86228781058417,5.63370628386847
2020-06-07,29.33702270397218,22.374988081888773,52.74042473330686,5.559764369782384
2020-07-07,25.015751537343366,18.212105413312116,48.30823145184089,4.998992397319665
2020-08-06,14.965243458838007,16.88503652779284,40.47841687447796,4.660065277945709
2020-09-05,10.0,16.30300564361486,50.20258123712028,4.823903858710048
2020-10-05,35.685629748060315,17.30823688554252,44.19239968865522,5.0356126059538235
2020-11-04,39.376962862739084,25.22741367458122,59.66960100676348,5.898644400240062
2020-12-04,69.73592430635165,27.968514865463604,61.44491900118763,5.7355176615825005
2021-01-03,66.78651977119507,36.58561323809762,69.73120051775575,6.065196424716714
2021-02-02,95.4993440501754,34.55882785549358,75.23699335658208,6.573824732952742
2021-03-04,68.14822919017077,31.18376244746684,68.6883142303468,6.130585381724236
2021-04-03,61.77938483794311,29.035842475040976,65.57722227885081,6.328602868190468
2021-05-03,58.13517217369689,26.238794362826937,65.0314640460723,6.600406058671364
2021-06-02,22.691356835660542,18.308826341588105,49.6155406523843,5.423579473298055
2021-07-02,26.293837232508142,13.873084775456324,51.18807950355913,4.417268714023486
2021-08-01,33.07142754282428,15.731061634475736,39.35146572671191,4.814108542559563
2021-08-31,10.0,17.074645675481808,49.658639832809875,4.616286710465387
2021-09-30,36.84633858532288,18.479170473886562,59.70784310328942,5.418712610464035
2021-10-30,52.59882794248415,23.586885083145003,47.64177749936351,6.13661851914767
2021-11-29,72.81822871777311,30.69614981207291,63.515523722647615,5.953833939805778
2021-12-29,63.61125500475217,29.31600101335236,75.8757416926692,6.112455078770548
2022-01-28,66.79543386915724,30.777608676870337,73.98477306978504,5.820413363833632
2022-02-27,81.20017776970222,31.504921374087104,74.84611042362317,6.115302145792105
2022-03-29,67.96984673233192,29.35965854486448,64.48007406642093,5.719415678348948
2022-04-28,52.50492850345875,25.93272269679401,60.43294893736449,5.726492461396203
2022-05-28,38.46448209497004,24.426068650848748,51.721613823039746,5.335087692756938
2022-06-27,17.21899067068205,18.91272483176171,52.84852925153251,4.747254079108527
2022-07-27,22.322536971610035,14.520184410109719,46.272104216506065,5.238552498920038
2022-08-26,26.949962619453622,16.282697338447537,48.69763225360941,4.818314452661866
2022-09-25,27.85648581973635,16.99241190608658,50.44061516938768,5.946464931150274
2022-10-25,68.65774511144726,24.94446059202273,57.56196887963738,6.518373302094349
2022-11-24,69.73832920911768,29.13402408323952,65.3372090609018,6.24351621712884
2022-12-24,64.06772714150662,34.628409718858634,74.96264176865803,5.542426722832837
2023-01-23,86.5655360863383,32.51830716934303,72.89507759589868,6.565488327082312
2023-02-22,66.23394541125992,35.2182935805679,74.43925534124863,5.641072881325472
2023-03-24,72.87084603742477,34.59821673900782,77.87700399322732,6.0141090281917124
2023-04-23,61.585955790074244,24.673719554629496,64.35562351715856,6.983430455013598
2023-05-23,26.793176816482994,21.20513516629686,50.869882339160846,5.317302324727107
2023-06-22,33.652999178910285,18.410177937289028,53.015688554053256,5.688350878328359
2023-07-22,24.12780926936498,13.796338584342491,42.95962313489224,4.711420187066658
2023-08-21,32.23983948641181,17.012023407586888,36.81899626734419,5.234901412958492
2023-09-20,53.967929826539674,20.037777202345453,47.459568445413076,6.362487647338719
2023-10-20,47.54611883997119,25.293028295646458,50.646040394870674,5.748180844680771
2023-11-19,57.46263835642509,27.680970648433597,65.74243257979346,6.5589388021059
2023-12-19,67.08561781727795,33.733784560621224,73.08247295271435,6.11734870895114
2024-01-18,71.84189715034562,36.49399487373635,83.38218656137641,5.693398166551814
2024-02-17,75.2097450193922,38.01368486122954,74.62501792558744,6.043232979043024
2024-03-18,68.41151974816651,32.87781247825565,66.40449735595573,6.266106105938566
2024-04-17,52.76690799330062,31.45954737253481,64.14702790591765,5.918903779904431
2024-05-17,43.27183249036053,17.69795731133595,41.444323454960724,5.029267099406871
2024-06-16,24.149256805246033,18.956707872317686,48.18769173377631,4.962679376973345
2024-07-16,34.53534077157317,15.550026017215055,48.85432596943483,5.143952525626764
2024-08-15,21.372669554087246,22.909154761808622,39.6166877143342,5.300581100442162
2024-09-14,62.201691665896206,17.57510514393455,58.218770216034656,6.058990719779855
2024-10-14,56.25667347765016,22.48083447345771,61.69248203747212,6.0524854935058645
2024-11-13,56.42842443583697,28.201822063667866,65.4235604304959,5.567874077920316
2024-12-13,65.27183713292197,27.28856686491494,76.15429038729796,6.305067754714482
2025-01-12,84.82472415243186,33.42273493495772,86.35346428902199,6.458533459885898
2025-02-11,73.74613426027486,31.38285605318336,73.89971233205915,6.323717016925642
2025-03-13,72.14000494092119,30.451181359428713,68.74110293150181,6.494475248513375
2025-04-12,54.732376245735665,26.02526792733155,57.7031955022989,6.293560774912807
2025-05-12,34.27171087343102,25.62851251764757,48.25077815267591,5.791762615354774
2025-06-11,15.551300705782811,19.19101747671377,51.161298025954665,4.999527174513751
2025-07-11,10.0,13.269289033012791,40.719580870455665,4.115176171595842
2025-08-10,19.554088365796694,13.644501948110562,47.36745012933041,4.952192330461238
2025-09-09,43.563987943234544,21.47575751451946,50.11171276617433,5.757373940739597
2025-10-09,52.140937441301915,21.039300378938034,62.3948991287319,5.926257418931552
2025-11-08,52.54261221288009,35.49437629756305,69.16831052643472,5.143108856633356
2025-12-08,77.71257137204479,37.198574400008184,78.17808077805599,5.620005745318007
2026-01-07,83.85317379728836,33.592473043685885,72.44991800572626,6.5633856797613435
2026-02-06,67.14218775152193,28.520850450571785,71.64100638029977,6.154934686344853
2026-03-08,66.53725105945573,34.06161712249639,62.60618142108869,6.082114374276082
2026-04-07,50.582087184460015,24.65638046424215,57.77853369961945,6.002956279740446
2026-05-07,23.570297021693705,23.713448935920365,54.38650246522423,5.416005229078617
