datetime,temperature,day_of_week,hour,consumption
2023-01-01 00:00:00,21.165561867580813,6,0,481.6233905051082
2023-01-01 01:00:00,21.18970018472858,6,1,509.89249501342834
2023-01-01 02:00:00,23.96751063775973,6,2,542.656624873606
2023-01-01 03:00:00,26.753727180307134,6,3,576.6117891551022
2023-01-01 04:00:00,24.033953831033866,6,4,648.4557847479058
2023-01-01 05:00:00,24.533488779105326,6,5,658.1943223199544
2023-01-01 06:00:00,28.33055919257313,6,6,728.0652529271179
2023-01-01 07:00:00,26.536632151309504,6,7,690.3100768550072
2023-01-01 08:00:00,23.56331180861064,6,8,661.3158346089609
2023-01-01 09:00:00,24.792787554663015,6,9,562.5874712059112
2023-01-01 10:00:00,21.74529817593342,6,10,583.3226850410505
2023-01-01 11:00:00,20.53476927993044,6,11,466.9914820544287
2023-01-01 12:00:00,20.656058104690416,6,12,510.32362467816745
2023-01-01 13:00:00,15.051477846730148,6,13,363.262021607716
2023-01-01 14:00:00,14.222297896532282,6,14,444.57521119293966
2023-01-01 15:00:00,15.512024597143668,6,15,313.35393696438626
2023-01-01 16:00:00,13.816344301967307,6,16,256.0605760427168
2023-01-01 17:00:00,15.970999095303554,6,17,222.91055208643473
2023-01-01 18:00:00,13.356085410515925,6,18,250.42178048512474
2023-01-01 19:00:00,12.517897027442421,6,19,302.84416178785796
2023-01-01 20:00:00,18.773304080479264,6,20,265.20365284009466
2023-01-01 21:00:00,16.18504705465254,6,21,268.0431730192361
2023-01-01 22:00:00,17.807189970934193,6,22,320.7103706776088
2023-01-01 23:00:00,16.028541963618828,6,23,495.0642892739006
2023-01-02 00:00:00,19.255450667177094,0,0,593.8226518332647
2023-01-02 01:00:00,21.86015652115979,0,1,592.1815577158036
2023-01-02 02:00:00,20.54222896138285,0,2,607.3224635222385
2023-01-02 03:00:00,24.631146058851538,0,3,693.7343831617379
2023-01-02 04:00:00,23.47306575531204,0,4,738.611636946529
2023-01-02 05:00:00,24.590457748086244,0,5,687.9501144787558
2023-01-02 06:00:00,24.140802891768665,0,6,728.5392020465194
2023-01-02 07:00:00,28.878401616690674,0,7,698.539977730841
2023-01-02 08:00:00,24.647348685673784,0,8,739.6397237438896
2023-01-02 09:00:00,21.764328164248393,0,9,691.4244348649304
2023-01-02 10:00:00,24.489305940433834,0,10,620.7337362893696
2023-01-02 11:00:00,19.196624041798017,0,11,638.4969067670257
2023-01-02 12:00:00,20.76194330623697,0,12,446.3311499122526
2023-01-02 13:00:00,15.130780642955303,0,13,423.7096405394518
2023-01-02 14:00:00,15.187844018430596,0,14,459.34415074369275
2023-01-02 15:00:00,17.20240468203297,0,15,438.9095120729686
2023-01-02 16:00:00,17.491022257296088,0,16,436.0810812430449
2023-01-02 17:00:00,15.857323547162057,0,17,325.2973861271188
2023-01-02 18:00:00,15.112919551450977,0,18,402.804846157055
2023-01-02 19:00:00,14.912379593603537,0,19,355.7656153311156
2023-01-02 20:00:00,13.05704511657041,0,20,387.59310308036726
2023-01-02 21:00:00,15.368993793505302,0,21,449.0717027019711
2023-01-02 22:00:00,16.922938574307878,0,22,463.3867581775921
2023-01-02 23:00:00,21.16436534315268,0,23,381.06023656181003
2023-01-03 00:00:00,21.20343325136946,1,0,585.8613499999894
2023-01-03 01:00:00,18.284211587019673,1,1,637.92626085768
2023-01-03 02:00:00,23.66436461102213,1,2,605.3655110347448
2023-01-03 03:00:00,23.281566017332644,1,3,694.0271930825064
2023-01-03 04:00:00,23.49247969054281,1,4,732.8313869764528
2023-01-03 05:00:00,26.569178381359617,1,5,771.9106373626053
2023-01-03 06:00:00,27.57819571722444,1,6,748.2666994799733
2023-01-03 07:00:00,27.208386041910277,1,7,731.6878572800138
2023-01-03 08:00:00,23.167888644709457,1,8,703.6062636544101
2023-01-03 09:00:00,23.43330582646285,1,9,734.3908654649061
2023-01-03 10:00:00,23.678723535039666,1,10,663.9672430801184
2023-01-03 11:00:00,23.761382151989864,1,11,570.8469139360975
2023-01-03 12:00:00,19.557848196541958,1,12,543.0064535669976
2023-01-03 13:00:00,18.850783493392303,1,13,317.301225014069
2023-01-03 14:00:00,15.803526724220482,1,14,499.40301777640036
2023-01-03 15:00:00,14.588249518138463,1,15,325.710459642401
2023-01-03 16:00:00,17.811121298098744,1,16,330.56165919196826
2023-01-03 17:00:00,18.399047597928845,1,17,266.8408640315907
2023-01-03 18:00:00,15.372176429071871,1,18,281.54416192323595
2023-01-03 19:00:00,17.693633336571246,1,19,387.9198407453998
2023-01-03 20:00:00,16.909341703405616,1,20,334.31644214346153
2023-01-03 21:00:00,15.690423257089552,1,21,418.9996052783307
2023-01-03 22:00:00,18.73898788324936,1,22,410.2640922235471
2023-01-03 23:00:00,22.29817457965187,1,23,495.0699781371705
2023-01-04 00:00:00,20.616372189803297,2,0,510.00481645104577
2023-01-04 01:00:00,25.111406805163814,2,1,538.7282658627138
2023-01-04 02:00:00,17.94853405984371,2,2,670.3280003739198
2023-01-04 03:00:00,25.867363182706384,2,3,675.4071589063078
2023-01-04 04:00:00,25.19224542342173,2,4,647.2984400581174
2023-01-04 05:00:00,24.919638698536804,2,5,720.975794194886
2023-01-04 06:00:00,25.8715458210942,2,6,833.7534477426575
2023-01-04 07:00:00,21.542515570266755,2,7,751.1214080661558
2023-01-04 08:00:00,24.57880751127037,2,8,701.5605491491986
2023-01-04 09:00:00,24.93778331697943,2,9,673.3363041911823
2023-01-04 10:00:00,26.14381235750623,2,10,645.3563710141931
2023-01-04 11:00:00,20.94557905698851,2,11,665.0569987684314
2023-01-04 12:00:00,19.071037062236822,2,12,528.3864019892095
2023-01-04 13:00:00,18.390414955341523,2,13,485.8341237856341
2023-01-04 14:00:00,20.018828503427347,2,14,451.7024577358656
2023-01-04 15:00:00,17.809992581409833,2,15,392.4181758999179
2023-01-04 16:00:00,15.298376841566931,2,16,360.85904353640785
2023-01-04 17:00:00,16.88493000280457,2,17,328.1480422598917
2023-01-04 18:00:00,15.88217936671928,2,18,337.59814336210405
2023-01-04 19:00:00,17.795685117643636,2,19,326.9968717402579
2023-01-04 20:00:00,14.953791061346303,2,20,413.63848581149824
2023-01-04 21:00:00,16.497166068894924,2,21,396.20427736410625
2023-01-04 22:00:00,17.40380796175888,2,22,462.5939242431901
2023-01-04 23:00:00,16.466899146246355,2,23,479.53137051160303
2023-01-05 00:00:00,21.451888541503617,3,0,518.4506449308407
2023-01-05 01:00:00,22.67585375724685,3,1,478.6123123663673
2023-01-05 02:00:00,23.369874900659386,3,2,679.5151327417179
2023-01-05 03:00:00,23.92600762655691,3,3,698.0058562977782
2023-01-05 04:00:00,22.35903352219583,3,4,746.6959214718286
2023-01-05 05:00:00,24.847986473289087,3,5,596.8522610810201
2023-01-05 06:00:00,25.174218954320928,3,6,856.1609247822457
2023-01-05 07:00:00,24.084722580376567,3,7,727.0529096538206
2023-01-05 08:00:00,24.867203582964642,3,8,777.2862574234101
2023-01-05 09:00:00,25.20328360693628,3,9,641.4588959503958
2023-01-05 10:00:00,27.132019789795525,3,10,701.9588931510838
2023-01-05 11:00:00,22.50289883855075,3,11,524.1220192473289
2023-01-05 12:00:00,21.374748768819995,3,12,482.5590396534097
2023-01-05 13:00:00,19.416660930329527,3,13,549.7711493695399
2023-01-05 14:00:00,14.522105556776383,3,14,445.2448243940689
2023-01-05 15:00:00,17.271086330543298,3,15,396.73942411624375
2023-01-05 16:00:00,16.64998138833433,3,16,403.79849189420673
2023-01-05 17:00:00,20.956503080899697,3,17,341.1639599498136
2023-01-05 18:00:00,15.47492605781222,3,18,352.77168467905665
2023-01-05 19:00:00,16.633113540596348,3,19,358.7317494595341
2023-01-05 20:00:00,16.460097429041788,3,20,482.3647242146082
2023-01-05 21:00:00,14.986758006202663,3,21,405.8301238489846
2023-01-05 22:00:00,20.6452936164045,3,22,416.5078884997933
2023-01-05 23:00:00,21.069418827235406,3,23,511.46309905223035
2023-01-06 00:00:00,22.61308086856044,4,0,581.4071053335036
2023-01-06 01:00:00,20.50633729039747,4,1,616.1786972024979
2023-01-06 02:00:00,26.336605596346544,4,2,695.3025670649247
2023-01-06 03:00:00,21.762848754822524,4,3,601.8995981490107
2023-01-06 04:00:00,26.53485818099708,4,4,820.2252391819134
2023-01-06 05:00:00,30.241557357539644,4,5,738.2834691822758
2023-01-06 06:00:00,24.04994432421297,4,6,755.6312165040814
2023-01-06 07:00:00,24.728050646714145,4,7,702.7518792239872
2023-01-06 08:00:00,25.560446723571825,4,8,725.6026306629565
2023-01-06 09:00:00,23.559599572174687,4,9,693.4554724742303
2023-01-06 10:00:00,20.429690112342083,4,10,620.3647618959345
2023-01-06 11:00:00,22.46223814959901,4,11,597.4822282282586
2023-01-06 12:00:00,18.906409547022136,4,12,591.621467982711
2023-01-06 13:00:00,20.684106610232107,4,13,477.75397215751593
2023-01-06 14:00:00,16.69216850600674,4,14,420.8704831754002
2023-01-06 15:00:00,20.595351878576693,4,15,412.73652096287543
2023-01-06 16:00:00,15.134383370879682,4,16,434.92460998054753
2023-01-06 17:00:00,15.557264810617657,4,17,289.8617958791601
2023-01-06 18:00:00,17.658051409213687,4,18,353.28948940035605
2023-01-06 19:00:00,13.739659210161093,4,19,404.4768797561203
2023-01-06 20:00:00,17.155809824760414,4,20,340.35864582750855
2023-01-06 21:00:00,20.109768577106465,4,21,428.46167019933614
2023-01-06 22:00:00,15.316050505351889,4,22,439.3367155948547
2023-01-06 23:00:00,20.10618946602635,4,23,455.5769083133363
2023-01-07 00:00:00,21.721846037490373,5,0,408.56486916071026
2023-01-07 01:00:00,24.05982141806075,5,1,493.140975580185
2023-01-07 02:00:00,21.228179027237363,5,2,457.4680359276136
2023-01-07 03:00:00,22.09670112875771,5,3,490.3858233951719
2023-01-07 04:00:00,26.576090599149513,5,4,718.6912399096315
2023-01-07 05:00:00,26.62567892690524,5,5,617.0938871109497
2023-01-07 06:00:00,26.70306614968528,5,6,617.4610440240375
2023-01-07 07:00:00,26.724605999432818,5,7,552.7617195719562
2023-01-07 08:00:00,24.17215802475874,5,8,582.9785736200001
2023-01-07 09:00:00,25.20212174924827,5,9,527.2880840594173
2023-01-07 10:00:00,24.28822539559089,5,10,624.9830119627273
2023-01-07 11:00:00,21.067472838453398,5,11,512.92939187217
2023-01-07 12:00:00,24.93362947128304,5,12,414.92877745394424
2023-01-07 13:00:00,20.8556510653045,5,13,469.4144918997563
2023-01-07 14:00:00,16.31947345458823,5,14,385.8935398036975
2023-01-07 15:00:00,18.979653760328453,5,15,252.54053698397493
2023-01-07 16:00:00,14.922590089616694,5,16,200.0
2023-01-07 17:00:00,17.94662052503309,5,17,341.89575812139253
2023-01-07 18:00:00,18.519271607008335,5,18,200.0
2023-01-07 19:00:00,14.731086680844761,5,19,200.0
2023-01-07 20:00:00,18.79870568855998,5,20,289.9363839579945
2023-01-07 21:00:00,18.492108396933787,5,21,395.64518011031623
2023-01-07 22:00:00,20.346200768982502,5,22,372.67564861535084
2023-01-07 23:00:00,23.701571188788815,5,23,413.4473588700018
2023-01-08 00:00:00,20.88201148912691,6,0,438.55783197453337
2023-01-08 01:00:00,21.159410617930273,6,1,506.0286931388223
2023-01-08 02:00:00,22.093758861881604,6,2,558.8840181081542
2023-01-08 03:00:00,23.27670105713451,6,3,588.2479380071234
2023-01-08 04:00:00,25.548711321226637,6,4,633.9022491667479
2023-01-08 05:00:00,26.884720802211277,6,5,658.9027168849503
2023-01-08 06:00:00,26.926169319792688,6,6,631.563463754593
2023-01-08 07:00:00,27.856783350650037,6,7,657.7192449209754
2023-01-08 08:00:00,25.72891852381066,6,8,545.8464252852251
2023-01-08 09:00:00,27.81538978138002,6,9,614.6582727113722
2023-01-08 10:00:00,23.34347405465674,6,10,484.00518518902146
2023-01-08 11:00:00,28.107221279824493,6,11,477.6565559579606
2023-01-08 12:00:00,22.62412241666266,6,12,435.23593172430054
2023-01-08 13:00:00,18.36437738278748,6,13,434.192531468851
2023-01-08 14:00:00,16.731002725010423,6,14,378.6058030500115
2023-01-08 15:00:00,18.802198645686286,6,15,200.0
2023-01-08 16:00:00,16.595735131558754,6,16,211.35616109900792
2023-01-08 17:00:00,17.971159577871493,6,17,274.14179836288224
2023-01-08 18:00:00,17.319262970279738,6,18,200.0
2023-01-08 19:00:00,16.397500764373564,6,19,231.6081695985995
2023-01-08 20:00:00,15.349073266073646,6,20,300.8067915336034
2023-01-08 21:00:00,14.807559365828183,6,21,262.0858273612269
2023-01-08 22:00:00,17.979757816998603,6,22,325.47119713731183
2023-01-08 23:00:00,21.79149008426699,6,23,299.4498170762554
2023-01-09 00:00:00,21.97127569490322,0,0,489.64437475147145
2023-01-09 01:00:00,20.345705874731436,0,1,571.2099644749453
2023-01-09 02:00:00,24.389450058345176,0,2,564.2448139068683
2023-01-09 03:00:00,25.849256872033223,0,3,721.9376618556616
2023-01-09 04:00:00,24.10550035316274,0,4,713.2781943421811
2023-01-09 05:00:00,26.680167549979206,0,5,787.611338478463
2023-01-09 06:00:00,26.65950564353481,0,6,777.7907631385813
2023-01-09 07:00:00,24.086776742426906,0,7,802.2599541807749
2023-01-09 08:00:00,26.58878994626157,0,8,745.3542053518988
2023-01-09 09:00:00,26.200191165312017,0,9,681.952990834167
2023-01-09 10:00:00,26.209190692993364,0,10,668.2067820815479
2023-01-09 11:00:00,24.944787536225224,0,11,628.376585834576
2023-01-09 12:00:00,18.787749470728627,0,12,514.565508808999
2023-01-09 13:00:00,18.373342901299964,0,13,466.53234652669033
2023-01-09 14:00:00,20.07315874106013,0,14,365.6320030202636
2023-01-09 15:00:00,19.035126202534492,0,15,335.08233585979826
2023-01-09 16:00:00,18.24305656033271,0,16,274.2340900498005
2023-01-09 17:00:00,24.41892205650691,0,17,438.4828924666024
2023-01-09 18:00:00,17.684869228029143,0,18,260.95814595014434
2023-01-09 19:00:00,18.984590355558666,0,19,282.32367129680426
2023-01-09 20:00:00,19.12096471470702,0,20,299.6649088175822
2023-01-09 21:00:00,19.31033680332167,0,21,410.2214945766959
2023-01-09 22:00:00,18.412549717362115,0,22,401.1270189117773
2023-01-09 23:00:00,21.766931422116738,0,23,528.2926088343497
2023-01-10 00:00:00,20.16728101273963,1,0,467.9982789152029
2023-01-10 01:00:00,22.53338945384736,1,1,591.0474116701679
2023-01-10 02:00:00,23.242204346156566,1,2,590.6546907985778
2023-01-10 03:00:00,25.412213626520156,1,3,802.8009488911805
2023-01-10 04:00:00,30.67237559408398,1,4,720.5489157462519
2023-01-10 05:00:00,22.808030188076618,1,5,736.7565026499312
2023-01-10 06:00:00,28.0854518225638,1,6,812.5433622722429
2023-01-10 07:00:00,23.31712883088081,1,7,747.0464084391967
2023-01-10 08:00:00,25.099194729158103,1,8,714.9326451045835
2023-01-10 09:00:00,27.426366541682246,1,9,709.1939866674608
2023-01-10 10:00:00,24.3414914800057,1,10,645.6054883990124
2023-01-10 11:00:00,20.85153711146877,1,11,552.9290800537675
2023-01-10 12:00:00,20.282324023294837,1,12,551.0171960726939
2023-01-10 13:00:00,21.778031714171522,1,13,576.5426582007786
2023-01-10 14:00:00,17.7521981783805,1,14,394.60342896580335
2023-01-10 15:00:00,18.61031471504599,1,15,303.9853476332768
2023-01-10 16:00:00,17.47394810270021,1,16,347.64133579854746
2023-01-10 17:00:00,15.5801016151578,1,17,479.99928547332433
2023-01-10 18:00:00,21.000819620465425,1,18,269.8244678061677
2023-01-10 19:00:00,18.151140355005452,1,19,407.2592714643352
2023-01-10 20:00:00,13.33251924957737,1,20,477.3547674511606
2023-01-10 21:00:00,18.550306165420892,1,21,345.3961700230818
2023-01-10 22:00:00,17.889358512277994,1,22,449.5555688364837
2023-01-10 23:00:00,22.123702885894616,1,23,550.8930509948688
2023-01-11 00:00:00,20.29722562156704,2,0,484.01586916629606
2023-01-11 01:00:00,22.946889441011248,2,1,571.0536854254985
2023-01-11 02:00:00,25.392241656393356,2,2,624.8383708665014
2023-01-11 03:00:00,27.149311392705425,2,3,662.1766336297205
2023-01-11 04:00:00,23.811801303243083,2,4,678.8592165360182
2023-01-11 05:00:00,26.042893758195888,2,5,692.4170895016597
2023-01-11 06:00:00,25.93237647611053,2,6,761.0279381740665
2023-01-11 07:00:00,25.40523776473036,2,7,708.7388813521852
2023-01-11 08:00:00,29.74330259791683,2,8,782.3274023255935
2023-01-11 09:00:00,26.22776442628709,2,9,625.904218189999
2023-01-11 10:00:00,21.860499189762354,2,10,635.1490035083464
2023-01-11 11:00:00,25.012086218054602,2,11,643.5611192814965
2023-01-11 12:00:00,26.126579492457708,2,12,461.57901279600435
2023-01-11 13:00:00,22.653102394022135,2,13,493.47004341209583
2023-01-11 14:00:00,16.343527166524417,2,14,497.9481779584205
2023-01-11 15:00:00,17.378265046767208,2,15,324.31394236045827
2023-01-11 16:00:00,20.085962377883497,2,16,411.28316236383245
2023-01-11 17:00:00,15.63729903574954,2,17,371.39279485299323
2023-01-11 18:00:00,17.7699059547249,2,18,287.05034766483055
2023-01-11 19:00:00,18.60190607384577,2,19,318.00732012084336
2023-01-11 20:00:00,15.698279136354087,2,20,397.7284735056576
2023-01-11 21:00:00,18.227682480376107,2,21,380.10208852955
2023-01-11 22:00:00,12.899732418294295,2,22,497.94047543937535
2023-01-11 23:00:00,18.539396590251258,2,23,416.80854542301483
2023-01-12 00:00:00,21.545908695899872,3,0,523.9271281608026
2023-01-12 01:00:00,20.849573860269096,3,1,489.5738227779461
2023-01-12 02:00:00,27.81586760654946,3,2,672.5973729980595
2023-01-12 03:00:00,22.726296148697664,3,3,623.4889356510467
2023-01-12 04:00:00,25.50108304421442,3,4,691.4394140695435
2023-01-12 05:00:00,27.142155284703716,3,5,826.4113768653727
2023-01-12 06:00:00,29.933591576818422,3,6,853.9014217978977
2023-01-12 07:00:00,24.008949827772653,3,7,763.7315695808991
2023-01-12 08:00:00,28.707499521918304,3,8,705.6644377424419
2023-01-12 09:00:00,25.607045026658103,3,9,681.6713840191504
2023-01-12 10:00:00,22.588027696590288,3,10,686.535161964862
2023-01-12 11:00:00,24.26934717272534,3,11,601.5431264297529
2023-01-12 12:00:00,22.44916438983313,3,12,640.4581208974159
2023-01-12 13:00:00,19.556516018855998,3,13,472.3369227606545
2023-01-12 14:00:00,19.69064916866623,3,14,412.6959641378393
2023-01-12 15:00:00,17.744883899029936,3,15,365.6739815622662
2023-01-12 16:00:00,17.947952670266492,3,16,353.9924377795615
2023-01-12 17:00:00,18.545677216282943,3,17,313.7345707603297
2023-01-12 18:00:00,20.223078630976893,3,18,337.63622014419843
2023-01-12 19:00:00,14.745784869587151,3,19,407.19210188604404
2023-01-12 20:00:00,21.98698472907653,3,20,307.36529350848014
2023-01-12 21:00:00,14.611335493708449,3,21,345.9036411477171
2023-01-12 22:00:00,19.24747480861502,3,22,315.7149832586848
2023-01-12 23:00:00,21.93358418614274,3,23,492.97159918655024
2023-01-13 00:00:00,22.78119886551172,4,0,472.6436583464235
2023-01-13 01:00:00,22.267911315913068,4,1,466.79839253201067
2023-01-13 02:00:00,24.302970629327103,4,2,662.4586365198193
2023-01-13 03:00:00,24.768747166656727,4,3,813.7588037755163
2023-01-13 04:00:00,25.37061263507542,4,4,726.6076615306472
2023-01-13 05:00:00,28.748048455529045,4,5,822.5901885356861
2023-01-13 06:00:00,27.933246101971747,4,6,783.4239289470958
2023-01-13 07:00:00,25.663025070965688,4,7,744.8709333079133
2023-01-13 08:00:00,28.34854189983035,4,8,802.6443239045798
2023-01-13 09:00:00,26.36934807772761,4,9,690.6011098051531
2023-01-13 10:00:00,26.344939367719576,4,10,676.8190093807909
2023-01-13 11:00:00,24.772568039401484,4,11,615.5743797243198
2023-01-13 12:00:00,20.561225108197508,4,12,472.20772839982266
2023-01-13 13:00:00,19.804757824135113,4,13,499.7907302149709
2023-01-13 14:00:00,21.21380234028818,4,14,403.39003556811144
2023-01-13 15:00:00,19.90442175497585,4,15,321.7471682382899
2023-01-13 16:00:00,17.847284923191168,4,16,375.14756218972076
2023-01-13 17:00:00,17.624240765213877,4,17,285.6490280004957
2023-01-13 18:00:00,19.774544921618503,4,18,303.66360865227136
2023-01-13 19:00:00,16.20644322092465,4,19,344.29445270072966
2023-01-13 20:00:00,18.98328287345954,4,20,391.2568688000958
2023-01-13 21:00:00,18.27929591924113,4,21,399.52059621427685
2023-01-13 22:00:00,19.28385272358721,4,22,405.9101248268706
2023-01-13 23:00:00,23.122673608503426,4,23,520.3512420245443
2023-01-14 00:00:00,24.03756035803556,5,0,509.88598103122126
2023-01-14 01:00:00,25.30784215757338,5,1,532.7327459138311
2023-01-14 02:00:00,27.49768527436816,5,2,575.4944837358506
2023-01-14 03:00:00,25.964269249257754,5,3,535.4722371123792
2023-01-14 04:00:00,28.080760621571617,5,4,600.7570038188353
2023-01-14 05:00:00,26.595823278317926,5,5,643.8821628232595
2023-01-14 06:00:00,28.035060365036383,5,6,649.8749935423997
2023-01-14 07:00:00,26.95607068276947,5,7,653.3973069362361
2023-01-14 08:00:00,26.91084660896713,5,8,645.1460430914145
2023-01-14 09:00:00,27.112575616866064,5,9,639.0317501238068
2023-01-14 10:00:00,23.250286293592556,5,10,528.977924032971
2023-01-14 11:00:00,27.865597436943027,5,11,554.7448655812447
2023-01-14 12:00:00,20.374692897060093,5,12,406.97064971110694
2023-01-14 13:00:00,18.664255208971433,5,13,262.8203105720879
2023-01-14 14:00:00,22.202949407059634,5,14,275.0627243796587
2023-01-14 15:00:00,20.434519142052636,5,15,255.71945739713618
2023-01-14 16:00:00,19.304840275241617,5,16,200.0
2023-01-14 17:00:00,18.81378954714272,5,17,248.67337577056938
2023-01-14 18:00:00,17.36223411436567,5,18,302.9152004735282
2023-01-14 19:00:00,15.762589785642492,5,19,310.1270294706273
2023-01-14 20:00:00,18.20820975752476,5,20,234.04067812135432
2023-01-14 21:00:00,17.49687033110254,5,21,358.1462472941627
2023-01-14 22:00:00,21.836967126894997,5,22,325.8030441290554
2023-01-14 23:00:00,20.798517671542616,5,23,339.3670691390199
2023-01-15 00:00:00,20.902538557576847,6,0,378.3552523987215
2023-01-15 01:00:00,23.204856493368485,6,1,468.6888896297826
2023-01-15 02:00:00,25.879395859713117,6,2,539.3851176700698
2023-01-15 03:00:00,24.961617751486656,6,3,599.5583448709505
2023-01-15 04:00:00,25.2392191789512,6,4,633.625971598893
2023-01-15 05:00:00,27.870536505591033,6,5,672.0428313213947
2023-01-15 06:00:00,28.043466093379315,6,6,702.2815694211106
2023-01-15 07:00:00,26.369275731864953,6,7,716.4102363157803
2023-01-15 08:00:00,25.941583358847417,6,8,680.0986211174281
2023-01-15 09:00:00,26.55316673180988,6,9,532.7081251329132
2023-01-15 10:00:00,22.15736426816722,6,10,393.8775859365745
2023-01-15 11:00:00,21.032700627921365,6,11,508.8068108616816
2023-01-15 12:00:00,21.116644508656996,6,12,342.8225101657989
2023-01-15 13:00:00,20.832543422225573,6,13,345.32335510711744
2023-01-15 14:00:00,20.67534808235788,6,14,248.24782952061088
2023-01-15 15:00:00,21.96871147912824,6,15,200.0
2023-01-15 16:00:00,19.93872517864372,6,16,254.48080386691453
2023-01-15 17:00:00,17.404026759789677,6,17,270.7323251594219
2023-01-15 18:00:00,17.51550053535649,6,18,200.0
2023-01-15 19:00:00,15.718845090440908,6,19,200.0
2023-01-15 20:00:00,18.1863796602549,6,20,217.61890022793915
2023-01-15 21:00:00,18.440681767388856,6,21,293.76202635892923
2023-01-15 22:00:00,20.698970071838044,6,22,233.0441222796739
2023-01-15 23:00:00,19.60497583854462,6,23,361.3544285830073
2023-01-16 00:00:00,23.758274603823402,0,0,536.8172535795843
2023-01-16 01:00:00,27.079154626858816,0,1,651.5199302691467
2023-01-16 02:00:00,25.00206127842734,0,2,655.9996312049811
2023-01-16 03:00:00,27.058538925471677,0,3,663.3532984479485
2023-01-16 04:00:00,28.429996577685476,0,4,817.333621616967
2023-01-16 05:00:00,26.746769763014726,0,5,752.7263842366125
2023-01-16 06:00:00,28.16776653896189,0,6,780.3124384141222
2023-01-16 07:00:00,27.574395508349987,0,7,722.2657223876537
2023-01-16 08:00:00,27.245060791360913,0,8,723.4915761109214
2023-01-16 09:00:00,24.709095913562862,0,9,644.2721796715931
2023-01-16 10:00:00,25.26860192385894,0,10,644.0387162424183
2023-01-16 11:00:00,25.009673383344563,0,11,687.4459668610671
2023-01-16 12:00:00,25.62186879093114,0,12,487.6236307627436
2023-01-16 13:00:00,23.34402800199887,0,13,400.9984011056475
2023-01-16 14:00:00,24.52594649036417,0,14,518.8179812783221
2023-01-16 15:00:00,17.649352543632222,0,15,371.6189344687751
2023-01-16 16:00:00,20.134095829860218,0,16,294.68224060871864
2023-01-16 17:00:00,18.25663645537242,0,17,376.24370455826596
2023-01-16 18:00:00,22.0991874417764,0,18,290.7110974309208
2023-01-16 19:00:00,16.273355873185412,0,19,435.38176168767905
2023-01-16 20:00:00,16.71001087205731,0,20,393.59110408950266
2023-01-16 21:00:00,17.985262378520275,0,21,354.33044957020263
2023-01-16 22:00:00,15.971790126721439,0,22,548.1475093960606
2023-01-16 23:00:00,20.37397630646693,0,23,421.69020789399804
2023-01-17 00:00:00,21.366559005698694,1,0,550.7703586574523
2023-01-17 01:00:00,24.47970712727111,1,1,611.5255093135398
2023-01-17 02:00:00,26.06833628036041,1,2,725.770427273544
2023-01-17 03:00:00,30.1726999131706,1,3,821.2239152053581
2023-01-17 04:00:00,29.115799024100383,1,4,765.9632784511799
2023-01-17 05:00:00,26.560646148926626,1,5,721.1207332297707
2023-01-17 06:00:00,26.087994986109376,1,6,783.8785570080496
2023-01-17 07:00:00,28.698291803264443,1,7,746.2823148028527
2023-01-17 08:00:00,24.574484933687,1,8,819.6192924700889
2023-01-17 09:00:00,30.083275766447535,1,9,749.0808804559217
2023-01-17 10:00:00,27.743704570248664,1,10,659.1709681368812
2023-01-17 11:00:00,23.240568250109288,1,11,593.4035068148426
2023-01-17 12:00:00,19.458555270624334,1,12,438.0581328172718
2023-01-17 13:00:00,24.298473851624312,1,13,442.6402275702064
2023-01-17 14:00:00,20.155744638300853,1,14,461.5781417802299
2023-01-17 15:00:00,21.82492304682028,1,15,343.98316028232364
2023-01-17 16:00:00,15.365841992295165,1,16,320.79095018606364
2023-01-17 17:00:00,16.856445151453205,1,17,365.0830208540186
2023-01-17 18:00:00,17.895311728242458,1,18,380.3320904507253
2023-01-17 19:00:00,18.14915638489023,1,19,361.2709364265374
2023-01-17 20:00:00,17.654566366925412,1,20,400.051639864149
2023-01-17 21:00:00,20.59499028756835,1,21,326.68879220990095
2023-01-17 22:00:00,18.249583470040896,1,22,346.4136319624987
2023-01-17 23:00:00,21.305970133250895,1,23,536.3625749097789
2023-01-18 00:00:00,23.28980350998669,2,0,516.76404315776
2023-01-18 01:00:00,25.372185140192993,2,1,592.9440095996817
2023-01-18 02:00:00,26.97244200274067,2,2,736.1341271198596
2023-01-18 03:00:00,24.335461968819892,2,3,712.5874763955414
2023-01-18 04:00:00,24.311110924013843,2,4,739.1105786011065
2023-01-18 05:00:00,30.43419502180525,2,5,905.7772327209203
2023-01-18 06:00:00,28.713840270522073,2,6,754.9624911862136
2023-01-18 07:00:00,26.381868304895125,2,7,803.3958547108267
2023-01-18 08:00:00,30.48164321653013,2,8,780.8721691670434
2023-01-18 09:00:00,26.816095421081346,2,9,723.0119243912858
2023-01-18 10:00:00,27.907806614690543,2,10,755.5014874675321
2023-01-18 11:00:00,24.478344434895718,2,11,621.9390411839427
2023-01-18 12:00:00,27.170708096326866,2,12,598.6218849157503
2023-01-18 13:00:00,25.265798705936696,2,13,554.519544904353
2023-01-18 14:00:00,20.051283949604745,2,14,382.2652030189032
2023-01-18 15:00:00,21.456820242538868,2,15,331.18636282112897
2023-01-18 16:00:00,20.009837126810993,2,16,274.65283081017054
2023-01-18 17:00:00,20.956846230182247,2,17,218.06546757520874
2023-01-18 18:00:00,16.119365325402683,2,18,441.6167032429893
2023-01-18 19:00:00,19.591686035114428,2,19,255.7375561049579
2023-01-18 20:00:00,20.835934201339875,2,20,324.0915800772225
2023-01-18 21:00:00,15.996199367783925,2,21,384.7759850904052
2023-01-18 22:00:00,18.182695221231338,2,22,433.54338267814154
2023-01-18 23:00:00,17.676652665530085,2,23,512.2565249511597
2023-01-19 00:00:00,22.673882948034528,3,0,569.7625038983326
2023-01-19 01:00:00,25.94187635402817,3,1,582.0287006323389
2023-01-19 02:00:00,28.7174107211157,3,2,678.8180215218364
2023-01-19 03:00:00,26.896420083695933,3,3,724.5145545986838
2023-01-19 04:00:00,30.800054726988417,3,4,768.7710717175945
2023-01-19 05:00:00,25.2821228319392,3,5,826.3736723782054
2023-01-19 06:00:00,24.805931738213335,3,6,772.608064964046
2023-01-19 07:00:00,27.931230350575746,3,7,809.2413580660619
2023-01-19 08:00:00,28.310954533724452,3,8,789.458689527503
2023-01-19 09:00:00,26.682841026668196,3,9,766.9234593782578
2023-01-19 10:00:00,21.57781241684389,3,10,624.8292021036243
2023-01-19 11:00:00,24.328551763410672,3,11,530.2077292568185
2023-01-19 12:00:00,20.60375761591394,3,12,526.0219737467714
2023-01-19 13:00:00,23.257946489071117,3,13,448.2478111806156
2023-01-19 14:00:00,21.44589310911734,3,14,388.0280970036856
2023-01-19 15:00:00,17.7974031383362,3,15,409.9228133170833
2023-01-19 16:00:00,17.854835763328065,3,16,410.1607151815134
2023-01-19 17:00:00,16.2646404417004,3,17,345.2320091619854
2023-01-19 18:00:00,18.0873384223773,3,18,334.5682664061752
2023-01-19 19:00:00,20.293352126480777,3,19,394.859103238756
2023-01-19 20:00:00,16.911117505330367,3,20,369.7214031642371
2023-01-19 21:00:00,20.685255742026595,3,21,495.5153568919762
2023-01-19 22:00:00,19.65218138017876,3,22,431.75366847978944
2023-01-19 23:00:00,20.33285572688635,3,23,363.5266102905683
2023-01-20 00:00:00,23.161168276032015,4,0,569.2787638155468
2023-01-20 01:00:00,22.598839576614985,4,1,596.810124030793
2023-01-20 02:00:00,24.767930385246768,4,2,712.166941556605
2023-01-20 03:00:00,24.51500711669617,4,3,720.2304949677692
2023-01-20 04:00:00,31.634806280696104,4,4,782.63034436466
2023-01-20 05:00:00,28.27538523132993,4,5,714.7241057566447
2023-01-20 06:00:00,26.97577797995596,4,6,759.3066169352583
2023-01-20 07:00:00,28.632817948854917,4,7,736.9873220358978
2023-01-20 08:00:00,27.48069991548167,4,8,718.9859074214684
2023-01-20 09:00:00,26.468823702807423,4,9,735.5385134864142
2023-01-20 10:00:00,27.103562396027982,4,10,754.5308491778502
2023-01-20 11:00:00,26.18433964154835,4,11,633.3407819271367
2023-01-20 12:00:00,22.314226700720077,4,12,463.34811390544155
2023-01-20 13:00:00,20.92949728913917,4,13,479.7612972818946
2023-01-20 14:00:00,20.325125601637843,4,14,463.08283034866105
2023-01-20 15:00:00,15.235852760537227,4,15,375.7309709413492
2023-01-20 16:00:00,16.014719852621834,4,16,359.94686238324806
2023-01-20 17:00:00,21.27934839938484,4,17,320.34272847249457
2023-01-20 18:00:00,21.6651644229437,4,18,277.406728575325
2023-01-20 19:00:00,18.047527785383036,4,19,358.75357858054895
2023-01-20 20:00:00,20.19821590313047,4,20,322.72967084402796
2023-01-20 21:00:00,20.462195399095467,4,21,384.1772199489966
2023-01-20 22:00:00,27.032990612851606,4,22,425.95529723841094
2023-01-20 23:00:00,24.32028359329768,4,23,469.566111896302
2023-01-21 00:00:00,23.280926038802182,5,0,468.9283282794104
2023-01-21 01:00:00,22.919775566075465,5,1,462.3199070766704
2023-01-21 02:00:00,22.82386858124857,5,2,614.586878374156
2023-01-21 03:00:00,27.4792223994309,5,3,596.2317709508884
2023-01-21 04:00:00,26.354186750117304,5,4,647.981184545655
2023-01-21 05:00:00,25.521882934013707,5,5,695.0335361916052
2023-01-21 06:00:00,27.24361545327866,5,6,601.517867886135
2023-01-21 07:00:00,26.203294345980265,5,7,567.1776681185775
2023-01-21 08:00:00,31.241171510831037,5,8,609.3339801366934
2023-01-21 09:00:00,28.835574641595354,5,9,692.9063078246221
2023-01-21 10:00:00,26.02081593913048,5,10,532.6152520966824
2023-01-21 11:00:00,27.790744725056374,5,11,657.5812205544805
2023-01-21 12:00:00,23.69149783705895,5,12,408.70259843772004
2023-01-21 13:00:00,20.520097593594585,5,13,362.66473207529356
2023-01-21 14:00:00,24.08300937630303,5,14,417.9355913914241
2023-01-21 15:00:00,21.0790474032003,5,15,369.67376220264975
2023-01-21 16:00:00,17.132141894188607,5,16,358.5486791330461
2023-01-21 17:00:00,18.32645473415116,5,17,283.9685989303319
2023-01-21 18:00:00,16.7855247149942,5,18,283.3478791406311
2023-01-21 19:00:00,15.941532628389702,5,19,277.0258559183485
2023-01-21 20:00:00,21.0589892979048,5,20,276.3028660304922
2023-01-21 21:00:00,23.82006059677124,5,21,269.2199639139762
2023-01-21 22:00:00,18.23962607412543,5,22,276.69379508763024
2023-01-21 23:00:00,23.36860446963225,5,23,381.7535128052706
2023-01-22 00:00:00,22.395960290663076,6,0,415.45037178038433
2023-01-22 01:00:00,24.01708988688994,6,1,469.2733054230398
2023-01-22 02:00:00,25.01245758042899,6,2,584.9439481771257
2023-01-22 03:00:00,25.504797795479835,6,3,644.2345946206334
2023-01-22 04:00:00,28.12441570371858,6,4,658.8695821086659
2023-01-22 05:00:00,26.864974327529993,6,5,735.7114125858766
2023-01-22 06:00:00,29.238159080466406,6,6,635.2971350979888
2023-01-22 07:00:00,28.426398341453798,6,7,667.7661757083657
2023-01-22 08:00:00,27.549476354096104,6,8,612.8587282677086
2023-01-22 09:00:00,25.41765201075627,6,9,502.27104549121924
2023-01-22 10:00:00,25.043702767770064,6,10,546.3029933855656
2023-01-22 11:00:00,26.502123106070847,6,11,510.69766466204857
2023-01-22 12:00:00,24.69907980415549,6,12,522.6632852036614
2023-01-22 13:00:00,20.448039713797023,6,13,384.25717234520494
2023-01-22 14:00:00,21.39591003976518,6,14,262.7497591811916
2023-01-22 15:00:00,21.664485769717572,6,15,367.92812977657576
2023-01-22 16:00:00,16.028307847741793,6,16,327.563525541962
2023-01-22 17:00:00,19.95433668222126,6,17,236.37635309340453
2023-01-22 18:00:00,17.371997911015036,6,18,214.95581594735805
2023-01-22 19:00:00,20.00881363464771,6,19,200.0
2023-01-22 20:00:00,17.8406000968995,6,20,229.77857947056467
2023-01-22 21:00:00,16.551947321644953,6,21,347.49660153145027
2023-01-22 22:00:00,17.9421605531404,6,22,414.8077097653263
2023-01-22 23:00:00,22.499320096716886,6,23,450.39156836027405
2023-01-23 00:00:00,24.376079065879036,0,0,519.3183195694767
2023-01-23 01:00:00,23.342096037739857,0,1,529.2038977334522
2023-01-23 02:00:00,27.63381897999082,0,2,683.3825021454684
2023-01-23 03:00:00,24.06912784383089,0,3,593.6906663974759
2023-01-23 04:00:00,28.054601484063628,0,4,769.909481306763
2023-01-23 05:00:00,26.2642307943565,0,5,748.4473438864452
2023-01-23 06:00:00,27.552961846831753,0,6,752.2277933749053
2023-01-23 07:00:00,28.78106053651424,0,7,701.2606172596162
2023-01-23 08:00:00,26.465934350790363,0,8,763.5444295932772
2023-01-23 09:00:00,26.62305687990916,0,9,681.0168830533055
2023-01-23 10:00:00,28.36921968086495,0,10,625.1963550231352
2023-01-23 11:00:00,23.99694554890238,0,11,448.12015384544566
2023-01-23 12:00:00,25.528018286566354,0,12,553.9044376131317
2023-01-23 13:00:00,20.303125127608233,0,13,539.8800220890654
2023-01-23 14:00:00,22.416242418266638,0,14,507.2253849100599
2023-01-23 15:00:00,23.20423739781914,0,15,367.7662049115684
2023-01-23 16:00:00,14.583218043259302,0,16,350.85213579243026
2023-01-23 17:00:00,17.43321442004978,0,17,355.9214033454397
2023-01-23 18:00:00,20.01077831679715,0,18,250.18851120855692
2023-01-23 19:00:00,18.620914158904743,0,19,335.6952881441122
2023-01-23 20:00:00,20.268798790256497,0,20,367.7869210649118
2023-01-23 21:00:00,19.11312978307169,0,21,428.79400712618894
2023-01-23 22:00:00,21.529813637381867,0,22,410.29043254982093
2023-01-23 23:00:00,22.251184366139306,0,23,460.56434713204044
2023-01-24 00:00:00,26.350444015379345,1,0,519.6053108159654
2023-01-24 01:00:00,25.81781680417476,1,1,568.5979593602588
2023-01-24 02:00:00,27.190085216210136,1,2,660.576907567025
2023-01-24 03:00:00,26.726659865747536,1,3,727.0562302355937
2023-01-24 04:00:00,27.369794462836936,1,4,792.5822566969194
2023-01-24 05:00:00,27.97939264786583,1,5,732.8201442024547
2023-01-24 06:00:00,29.803784176816325,1,6,872.6722702161394
2023-01-24 07:00:00,28.002540061864547,1,7,759.6543858243307
2023-01-24 08:00:00,28.924556624774752,1,8,761.3822822872136
2023-01-24 09:00:00,31.70121539528335,1,9,721.0729262327518
2023-01-24 10:00:00,28.257129298923115,1,10,561.3592799755841
2023-01-24 11:00:00,24.656928053236655,1,11,642.5353593709233
2023-01-24 12:00:00,26.41730773638762,1,12,601.0152722184979
2023-01-24 13:00:00,21.904633920504025,1,13,453.2161523286254
2023-01-24 14:00:00,17.438630821704024,1,14,428.9632276442034
2023-01-24 15:00:00,18.46317336429219,1,15,399.7438710049737
2023-01-24 16:00:00,15.94316903108583,1,16,289.23593608792686
2023-01-24 17:00:00,18.482223792531773,1,17,295.5399629495539
2023-01-24 18:00:00,19.051716650438834,1,18,349.19606747670304
2023-01-24 19:00:00,22.538125385164953,1,19,269.48161743537344
2023-01-24 20:00:00,20.338607620665865,1,20,344.8588920581024
2023-01-24 21:00:00,20.041144928509265,1,21,291.1610028166129
2023-01-24 22:00:00,23.173691054426705,1,22,455.05840966594326
2023-01-24 23:00:00,18.298514048531356,1,23,463.46897637930795
2023-01-25 00:00:00,24.6431651423403,2,0,465.6750606281275
2023-01-25 01:00:00,27.007761639409708,2,1,680.0783931374598
2023-01-25 02:00:00,23.714763534563488,2,2,600.4180565057324
2023-01-25 03:00:00,29.994978018469766,2,3,700.8585145712881
2023-01-25 04:00:00,29.17905586003419,2,4,775.0240992187768
2023-01-25 05:00:00,28.170989329766908,2,5,832.3269260269185
2023-01-25 06:00:00,30.43749975833574,2,6,753.5839066344375
2023-01-25 07:00:00,33.542950873177304,2,7,831.6986664819852
2023-01-25 08:00:00,28.865795555162354,2,8,783.30386132504
2023-01-25 09:00:00,28.20391110465658,2,9,758.1157476470325
2023-01-25 10:00:00,25.753214227042683,2,10,666.354220034288
2023-01-25 11:00:00,23.766342512706192,2,11,571.0758421934
2023-01-25 12:00:00,25.83260765921166,2,12,516.9465655596806
2023-01-25 13:00:00,21.165673148792834,2,13,464.20011661974297
2023-01-25 14:00:00,21.815068500561956,2,14,364.54373440633924
2023-01-25 15:00:00,19.681087226660203,2,15,215.7002473213582
2023-01-25 16:00:00,20.79976865869376,2,16,356.6205960379333
2023-01-25 17:00:00,20.009631105251724,2,17,352.10788784901337
2023-01-25 18:00:00,21.24701591463897,2,18,200.0
2023-01-25 19:00:00,18.322274096968332,2,19,273.1055585370061
2023-01-25 20:00:00,19.302059136614236,2,20,364.73204092722983
2023-01-25 21:00:00,18.678874688625818,2,21,474.6646703620172
2023-01-25 22:00:00,20.783349505970943,2,22,408.8731804434797
2023-01-25 23:00:00,23.63244178670027,2,23,448.16046178504166
2023-01-26 00:00:00,25.841733158795016,3,0,549.2725095327081
2023-01-26 01:00:00,23.777520502661666,3,1,658.2828350045299
2023-01-26 02:00:00,28.566967765715635,3,2,653.3714687009297
2023-01-26 03:00:00,30.57456554904695,3,3,707.2074113952664
2023-01-26 04:00:00,29.484752750873906,3,4,743.9154321565252
2023-01-26 05:00:00,32.91097668206579,3,5,774.6285016655359
2023-01-26 06:00:00,27.780177527297166,3,6,783.9352910727115
2023-01-26 07:00:00,26.66807565032682,3,7,841.0998446845599
2023-01-26 08:00:00,25.10044244661795,3,8,740.3634688788688
2023-01-26 09:00:00,30.855378454415415,3,9,737.3574656751493
2023-01-26 10:00:00,28.13648723821243,3,10,666.7743089363471
2023-01-26 11:00:00,25.510681809196008,3,11,528.7110866776316
2023-01-26 12:00:00,24.887693178143955,3,12,593.0324206387975
2023-01-26 13:00:00,20.782682605394957,3,13,452.1711571828053
2023-01-26 14:00:00,26.719259884737966,3,14,458.16860316784846
2023-01-26 15:00:00,21.050664383522033,3,15,528.740665990154
2023-01-26 16:00:00,20.216418495791906,3,16,343.8967496193157
2023-01-26 17:00:00,20.949660041856355,3,17,278.72188265599067
2023-01-26 18:00:00,20.28977438897774,3,18,281.5798640795002
2023-01-26 19:00:00,19.945894842617232,3,19,364.7781717758518
2023-01-26 20:00:00,18.4166799956915,3,20,348.29163981308557
2023-01-26 21:00:00,21.735158733843566,3,21,304.0163321852578
2023-01-26 22:00:00,25.591804918454375,3,22,501.8794959133038
2023-01-26 23:00:00,25.72450079230166,3,23,472.0739946255626
2023-01-27 00:00:00,27.668666670682903,4,0,670.3515555177063
2023-01-27 01:00:00,24.75395729005434,4,1,653.3057852067799
2023-01-27 02:00:00,25.003083776886946,4,2,627.6647429859319
2023-01-27 03:00:00,27.76625348313755,4,3,783.1347091554406
2023-01-27 04:00:00,28.923870260903687,4,4,765.8365588922948
2023-01-27 05:00:00,31.500305585791345,4,5,850.826904871838
2023-01-27 06:00:00,26.097364157974468,4,6,785.2102824444685
2023-01-27 07:00:00,32.371023187770675,4,7,774.5775643859768
2023-01-27 08:00:00,28.496404639168325,4,8,725.991635532698
2023-01-27 09:00:00,27.164065183442005,4,9,764.5600489507876
2023-01-27 10:00:00,24.958084666883774,4,10,632.8420800635106
2023-01-27 11:00:00,22.466675299185177,4,11,556.2481388502563
2023-01-27 12:00:00,26.128634585327937,4,12,513.5302168858118
2023-01-27 13:00:00,23.334834126268312,4,13,502.764485521852
2023-01-27 14:00:00,19.402371617922,4,14,509.10252978293727
2023-01-27 15:00:00,18.35660196734414,4,15,321.63597837653555
2023-01-27 16:00:00,19.48059699990166,4,16,333.1999220777336
2023-01-27 17:00:00,22.990707336537554,4,17,407.33293587833333
2023-01-27 18:00:00,18.963110714676898,4,18,306.3868232909453
2023-01-27 19:00:00,16.646378379722552,4,19,362.9696407574475
2023-01-27 20:00:00,19.660680270310028,4,20,277.068440132668
2023-01-27 21:00:00,20.40131237197603,4,21,384.0071223428332
2023-01-27 22:00:00,16.588520131520962,4,22,424.7575854345628
2023-01-27 23:00:00,23.079608458855876,4,23,528.3187753520476
2023-01-28 00:00:00,24.17363364861115,5,0,501.1056390643491
2023-01-28 01:00:00,27.322010664167948,5,1,654.4620977631142
2023-01-28 02:00:00,30.833414898919198,5,2,637.3158076498709
2023-01-28 03:00:00,30.42416667405676,5,3,661.9528388069854
2023-01-28 04:00:00,28.42785234684104,5,4,667.2028193041649
2023-01-28 05:00:00,27.25208002299051,5,5,648.0476508471843
2023-01-28 06:00:00,34.78222231552823,5,6,764.7464153283668
2023-01-28 07:00:00,29.583568708502824,5,7,674.2507818358904
2023-01-28 08:00:00,28.993488311776595,5,8,671.5630126881344
2023-01-28 09:00:00,28.12278644074124,5,9,688.52909742512
2023-01-28 10:00:00,27.53167223056422,5,10,524.9895940416601
2023-01-28 11:00:00,25.64087711069323,5,11,565.1665081838888
2023-01-28 12:00:00,23.488178695268036,5,12,500.73754031967366
2023-01-28 13:00:00,22.24768960103512,5,13,364.80966064029315
2023-01-28 14:00:00,22.06999616859651,5,14,214.60721673553542
2023-01-28 15:00:00,20.013119260828244,5,15,228.31873701625142
2023-01-28 16:00:00,18.87968412475199,5,16,302.8478053236479
2023-01-28 17:00:00,20.01873403296696,5,17,205.85877195691185
2023-01-28 18:00:00,19.125548274186798,5,18,200.0
2023-01-28 19:00:00,22.81385955474854,5,19,209.7146842282609
2023-01-28 20:00:00,15.003436073320293,5,20,318.79155983513704
2023-01-28 21:00:00,23.282982506940694,5,21,318.74514724216635
2023-01-28 22:00:00,24.627673094023763,5,22,334.33012598175276
2023-01-28 23:00:00,19.194627018699602,5,23,337.9487002017653
2023-01-29 00:00:00,24.101963212997187,6,0,421.4317246777808
2023-01-29 01:00:00,25.338551894678904,6,1,459.02881874236806
2023-01-29 02:00:00,24.472315011722245,6,2,625.4919345906945
2023-01-29 03:00:00,26.767238931908874,6,3,592.9777220958313
2023-01-29 04:00:00,26.896313729148424,6,4,703.0261440896468
2023-01-29 05:00:00,33.12150841945047,6,5,800.4660520484409
2023-01-29 06:00:00,31.658695187452807,6,6,766.5024967819261
2023-01-29 07:00:00,32.160077722591545,6,7,693.2049268478266
2023-01-29 08:00:00,30.56080954816655,6,8,698.9996807553838
2023-01-29 09:00:00,26.064768764656165,6,9,600.8592635643254
2023-01-29 10:00:00,26.238297868598337,6,10,517.197885649477
2023-01-29 11:00:00,27.060182749126326,6,11,538.5836005978477
2023-01-29 12:00:00,22.343082783373994,6,12,364.4788382757498
2023-01-29 13:00:00,24.919240035990057,6,13,456.8125607624746
2023-01-29 14:00:00,21.806687604841617,6,14,294.83601118349657
2023-01-29 15:00:00,20.502162880125958,6,15,273.6582553575921
2023-01-29 16:00:00,21.879131318642674,6,16,259.7506260068462
2023-01-29 17:00:00,20.846235892684625,6,17,202.33194498382875
2023-01-29 18:00:00,19.065406069519724,6,18,238.6806293785665
2023-01-29 19:00:00,22.27636887644104,6,19,205.83334067547054
2023-01-29 20:00:00,18.295084727035896,6,20,287.40893684561553
2023-01-29 21:00:00,22.483675709113676,6,21,216.1164168414898
2023-01-29 22:00:00,23.47354091709465,6,22,341.0543881482669
2023-01-29 23:00:00,22.874150297017298,6,23,473.9241439025829
2023-01-30 00:00:00,25.590021546084007,0,0,505.88364923056133
2023-01-30 01:00:00,23.72962357434177,0,1,555.1727962376792
2023-01-30 02:00:00,29.285809540013574,0,2,718.5534878830815
2023-01-30 03:00:00,28.10348513464653,0,3,731.4352966807547
2023-01-30 04:00:00,28.222436479483886,0,4,772.9609505154045
2023-01-30 05:00:00,31.86540308471889,0,5,836.2985526123857
2023-01-30 06:00:00,28.529068120514253,0,6,817.026754633231
2023-01-30 07:00:00,26.95046204031799,0,7,818.1747777588047
2023-01-30 08:00:00,26.154624173474158,0,8,755.242255338055
2023-01-30 09:00:00,29.685309310223786,0,9,726.2115666086203
2023-01-30 10:00:00,24.876896796607205,0,10,682.3976530262087
2023-01-30 11:00:00,29.741439091081105,0,11,744.172296676076
2023-01-30 12:00:00,20.773896685832327,0,12,501.10727953919456
2023-01-30 13:00:00,27.036573012667244,0,13,469.8754558726363
2023-01-30 14:00:00,22.859790436005007,0,14,483.9519378243987
2023-01-30 15:00:00,21.20879537192625,0,15,364.6475392842732
2023-01-30 16:00:00,19.517790309059677,0,16,222.9835388518137
2023-01-30 17:00:00,20.906398598858573,0,17,358.24990458829313
2023-01-30 18:00:00,19.862486096750075,0,18,274.6087297348031
2023-01-30 19:00:00,22.314730134187474,0,19,325.43547196885305
2023-01-30 20:00:00,20.836083780001655,0,20,351.75477357157956
2023-01-30 21:00:00,21.702825118590788,0,21,385.1318789375517
2023-01-30 22:00:00,21.710531077172057,0,22,452.5779016286724
2023-01-30 23:00:00,23.52976902864503,0,23,461.7595627374538
2023-01-31 00:00:00,25.702312976305162,1,0,582.6784196718557
2023-01-31 01:00:00,22.960467878720397,1,1,568.3911539285123
2023-01-31 02:00:00,24.89033859430962,1,2,685.8439099874713
2023-01-31 03:00:00,30.108771532499212,1,3,773.2774457629544
2023-01-31 04:00:00,29.758567333699123,1,4,724.0188189916491
2023-01-31 05:00:00,29.548371897261028,1,5,842.9679900391756
2023-01-31 06:00:00,30.123577304651832,1,6,774.4376007908158
2023-01-31 07:00:00,30.611501980689727,1,7,839.7030749787682
2023-01-31 08:00:00,28.337317096824517,1,8,774.9426173952
2023-01-31 09:00:00,27.065633893649157,1,9,803.9868790135572
2023-01-31 10:00:00,27.978399948716408,1,10,668.6107003685715
2023-01-31 11:00:00,24.424059108803586,1,11,578.5385603026302
2023-01-31 12:00:00,25.903214949949987,1,12,558.0611692051132
2023-01-31 13:00:00,20.38744700453276,1,13,436.95167188310967
2023-01-31 14:00:00,24.645020713172332,1,14,486.4473022288259
2023-01-31 15:00:00,22.496370497414397,1,15,302.7268183150052
2023-01-31 16:00:00,21.2686418882266,1,16,286.7972171680606
2023-01-31 17:00:00,22.22246227496673,1,17,275.649311412894
2023-01-31 18:00:00,23.417658327446198,1,18,381.69196287314077
2023-01-31 19:00:00,22.285820437111965,1,19,415.2037077424023
2023-01-31 20:00:00,17.07483395693556,1,20,350.82411874688313
2023-01-31 21:00:00,18.992021599116903,1,21,360.21734161202096
2023-01-31 22:00:00,21.337072283129682,1,22,416.87333098695575
2023-01-31 23:00:00,23.844796313430106,1,23,544.7780692442062
2023-02-01 00:00:00,26.26947411459375,2,0,516.3270844364089
2023-02-01 01:00:00,25.076763672861173,2,1,614.4498948858551
2023-02-01 02:00:00,28.107689602609657,2,2,729.8367775152182
2023-02-01 03:00:00,27.258924114881594,2,3,739.0653058831177
2023-02-01 04:00:00,28.3412474865938,2,4,766.0966364527628
2023-02-01 05:00:00,27.2504630114044,2,5,815.7421000002147
2023-02-01 06:00:00,28.387689581433694,2,6,648.715281164375
2023-02-01 07:00:00,27.360415993868173,2,7,800.6830911730408
2023-02-01 08:00:00,27.61253658662303,2,8,716.6266624667469
2023-02-01 09:00:00,30.87697357280392,2,9,658.6594471225259
2023-02-01 10:00:00,25.835358295991615,2,10,683.9137129361652
2023-02-01 11:00:00,31.79301542884289,2,11,738.376890567081
2023-02-01 12:00:00,26.22079187541728,2,12,555.3354930227882
2023-02-01 13:00:00,24.309733095532646,2,13,538.9772492949693
2023-02-01 14:00:00,21.017440513293074,2,14,490.7883180323631
2023-02-01 15:00:00,23.09924192654075,2,15,455.3167857073005
2023-02-01 16:00:00,19.75275340225776,2,16,411.2656116891044
2023-02-01 17:00:00,20.648546571500884,2,17,350.4066750107898
2023-02-01 18:00:00,25.35432515019309,2,18,357.31493344701056
2023-02-01 19:00:00,20.21240714276086,2,19,228.84061557493652
2023-02-01 20:00:00,23.20257570730466,2,20,346.5175519096615
2023-02-01 21:00:00,20.29226931747099,2,21,319.33900717159077
2023-02-01 22:00:00,22.664179092661573,2,22,535.1889268015063
2023-02-01 23:00:00,27.481662119413915,2,23,514.258521552018
2023-02-02 00:00:00,24.12611759980746,3,0,547.4214163372989
2023-02-02 01:00:00,30.299044056889457,3,1,682.3285183914221
2023-02-02 02:00:00,29.295555586293947,3,2,695.1356781815622
2023-02-02 03:00:00,27.790652069527198,3,3,804.0804289541192
2023-02-02 04:00:00,30.97499421241623,3,4,751.8225547943274
2023-02-02 05:00:00,32.154789746081796,3,5,824.4634354804937
2023-02-02 06:00:00,31.62367163981739,3,6,779.1131871132716
2023-02-02 07:00:00,27.069231407047425,3,7,697.8763537672526
2023-02-02 08:00:00,28.255904382655455,3,8,725.175670038178
2023-02-02 09:00:00,28.420548350212727,3,9,723.7749998870161
2023-02-02 10:00:00,27.731184857182903,3,10,655.8467373459661
2023-02-02 11:00:00,27.91549113599696,3,11,596.2976713867811
2023-02-02 12:00:00,25.735453717249506,3,12,487.03866398890335
2023-02-02 13:00:00,21.415267772450193,3,13,458.23359007256306
2023-02-02 14:00:00,23.640447417394924,3,14,361.1684554723992
2023-02-02 15:00:00,23.065689300017908,3,15,427.2383349473498
2023-02-02 16:00:00,22.169505592322885,3,16,352.6119628130663
2023-02-02 17:00:00,22.7119840350469,3,17,261.05710011940886
2023-02-02 18:00:00,22.047896024480806,3,18,305.01850639231486
2023-02-02 19:00:00,21.468782742394527,3,19,283.8948418866025
2023-02-02 20:00:00,20.90959327354351,3,20,351.84957749950644
2023-02-02 21:00:00,18.522595942418278,3,21,440.37520663966495
2023-02-02 22:00:00,23.739288153648165,3,22,343.6342580541943
2023-02-02 23:00:00,24.50133186419661,3,23,499.00081357883266
2023-02-03 00:00:00,26.067510806066945,4,0,552.6684682823375
2023-02-03 01:00:00,24.26495120554818,4,1,627.9803248985091
2023-02-03 02:00:00,25.862240050859672,4,2,669.2822319204812
2023-02-03 03:00:00,31.166192744274742,4,3,715.4848170931159
2023-02-03 04:00:00,29.77536984288508,4,4,755.0060824024076
2023-02-03 05:00:00,31.716983657866788,4,5,770.553708996307
2023-02-03 06:00:00,30.580989883937118,4,6,859.610255769301
2023-02-03 07:00:00,30.41349454211303,4,7,798.385693112541
2023-02-03 08:00:00,31.731047762550386,4,8,885.5750926700421
2023-02-03 09:00:00,28.027797581174188,4,9,718.6662913583203
2023-02-03 10:00:00,28.216594685558164,4,10,646.7456085100584
2023-02-03 11:00:00,25.89389777977872,4,11,535.0170671876501
2023-02-03 12:00:00,24.655360676811565,4,12,456.3966229553184
2023-02-03 13:00:00,23.611913659226314,4,13,405.1485304214845
2023-02-03 14:00:00,23.468620674943622,4,14,448.04253930001045
2023-02-03 15:00:00,21.031321982416507,4,15,394.32811474835233
2023-02-03 16:00:00,23.705738363901045,4,16,284.79276778051604
2023-02-03 17:00:00,18.90550939579185,4,17,362.51165648807364
2023-02-03 18:00:00,20.15060984335348,4,18,277.35304584936284
2023-02-03 19:00:00,19.815261883682506,4,19,316.00186650463877
2023-02-03 20:00:00,24.088181881461466,4,20,448.28776947049823
2023-02-03 21:00:00,22.381928778766607,4,21,427.2398973436332
2023-02-03 22:00:00,25.088042210613462,4,22,437.4538897108429
2023-02-03 23:00:00,21.259137160089647,4,23,416.2679513096278
2023-02-04 00:00:00,26.201118094649694,5,0,354.4204108800317
2023-02-04 01:00:00,28.740374379670655,5,1,503.2098868550897
2023-02-04 02:00:00,28.331585541462026,5,2,572.7593434732355
2023-02-04 03:00:00,31.33351221897462,5,3,605.3975020694966
2023-02-04 04:00:00,28.962567681632624,5,4,656.2679092185988
2023-02-04 05:00:00,33.315341574727675,5,5,730.1811751530288
2023-02-04 06:00:00,35.264813810149676,5,6,741.4053390110929
2023-02-04 07:00:00,29.7709695734772,5,7,658.3947319514127
2023-02-04 08:00:00,29.106139539031826,5,8,672.6992097455425
2023-02-04 09:00:00,32.10932042307932,5,9,684.6115929465732
2023-02-04 10:00:00,31.3261618543726,5,10,558.7416646715836
2023-02-04 11:00:00,25.915392734117248,5,11,581.4643553489902
2023-02-04 12:00:00,24.826643928719463,5,12,443.3370326729816
2023-02-04 13:00:00,23.80935311967756,5,13,387.27220332351385
2023-02-04 14:00:00,20.478116540842624,5,14,340.19188657125414
2023-02-04 15:00:00,20.294179764010046,5,15,273.1812479659661
2023-02-04 16:00:00,19.32860901048485,5,16,281.16566083392604
2023-02-04 17:00:00,19.30179330125758,5,17,228.1531099897018
2023-02-04 18:00:00,20.597647788137614,5,18,200.0
2023-02-04 19:00:00,21.305817896538873,5,19,237.94818996788015
2023-02-04 20:00:00,24.43789152961714,5,20,213.9875241732506
2023-02-04 21:00:00,20.134775575500857,5,21,265.3543848065252
2023-02-04 22:00:00,25.13566235986434,5,22,349.69512406642025
2023-02-04 23:00:00,23.94494464894755,5,23,377.27979460534425
2023-02-05 00:00:00,25.709075315233143,6,0,450.6638775803849
2023-02-05 01:00:00,28.451736944383818,6,1,442.1887261894604
2023-02-05 02:00:00,26.06255869141341,6,2,533.1893415270861
2023-02-05 03:00:00,30.108356132838846,6,3,647.1471626227537
2023-02-05 04:00:00,30.47103416988631,6,4,685.9082420556208
2023-02-05 05:00:00,31.622534393999647,6,5,658.0267521515123
2023-02-05 06:00:00,31.386340022353643,6,6,777.1487922667715
2023-02-05 07:00:00,35.54823214580514,6,7,705.35874430514
2023-02-05 08:00:00,28.86264978495757,6,8,710.3044386328004
2023-02-05 09:00:00,28.28154273046711,6,9,645.5965016355648
2023-02-05 10:00:00,27.06172168168848,6,10,538.3058513246947
2023-02-05 11:00:00,25.991143721730104,6,11,600.4407908682809
2023-02-05 12:00:00,24.533228479924972,6,12,385.6504432114257
2023-02-05 13:00:00,26.891940571240507,6,13,463.113305372401
2023-02-05 14:00:00,26.14901123051772,6,14,411.5192282073262
2023-02-05 15:00:00,21.13097624110632,6,15,236.35739571992158
2023-02-05 16:00:00,19.81316456940736,6,16,298.28653855225514
2023-02-05 17:00:00,21.921204715865475,6,17,213.52455617089345
2023-02-05 18:00:00,19.703556645976064,6,18,217.39911500423221
2023-02-05 19:00:00,22.244237238603684,6,19,242.27329906678423
2023-02-05 20:00:00,21.883721757318416,6,20,238.91669974276905
2023-02-05 21:00:00,19.240980598610804,6,21,306.70925143457157
2023-02-05 22:00:00,26.403013137198126,6,22,403.7045673995918
2023-02-05 23:00:00,28.105662855216444,6,23,341.8662208697511
2023-02-06 00:00:00,24.721689488638862,0,0,612.4339070302963
2023-02-06 01:00:00,26.46595897524827,0,1,533.2987993712031
2023-02-06 02:00:00,29.018997651057443,0,2,741.8172867276572
2023-02-06 03:00:00,30.15171435551442,0,3,799.2737566338329
2023-02-06 04:00:00,31.59448243387549,0,4,734.6015835848826
2023-02-06 05:00:00,34.79730507858567,0,5,820.617501645941
2023-02-06 06:00:00,30.593372414619537,0,6,750.6484907218986
2023-02-06 07:00:00,29.18030151197607,0,7,774.2421288631375
2023-02-06 08:00:00,27.518755432500775,0,8,732.9909208726085
2023-02-06 09:00:00,28.020940695656535,0,9,760.6137898073418
2023-02-06 10:00:00,28.38101292386004,0,10,749.3255665445809
2023-02-06 11:00:00,30.830477822155817,0,11,729.8527777815602
2023-02-06 12:00:00,24.912044271535294,0,12,521.0120413864379
2023-02-06 13:00:00,25.10074754737283,0,13,488.78257276599777
2023-02-06 14:00:00,23.41442107746213,0,14,349.97230116357383
2023-02-06 15:00:00,24.788519510571067,0,15,366.1703355435919
2023-02-06 16:00:00,26.671004702432683,0,16,441.74754792231204
2023-02-06 17:00:00,20.05590019232165,0,17,388.15297784281444
2023-02-06 18:00:00,19.96838798457119,0,18,238.598676560292
2023-02-06 19:00:00,23.205959492300437,0,19,309.25121670754606
2023-02-06 20:00:00,22.980922829938063,0,20,355.28385969454655
2023-02-06 21:00:00,26.105147615146965,0,21,433.6381778551405
2023-02-06 22:00:00,24.61512324025956,0,22,405.6710564065132
2023-02-06 23:00:00,23.93458746252091,0,23,508.7851178279093
2023-02-07 00:00:00,27.26607836253588,1,0,548.968816271813
2023-02-07 01:00:00,29.59627108782968,1,1,647.0039063548869
2023-02-07 02:00:00,30.22573306354599,1,2,729.5715430356448
2023-02-07 03:00:00,30.634850669298594,1,3,748.0909764208423
2023-02-07 04:00:00,32.54824509925176,1,4,776.8682372230768
2023-02-07 05:00:00,33.25298901348795,1,5,820.2345651964016
2023-02-07 06:00:00,33.84908668322632,1,6,834.0727188719965
2023-02-07 07:00:00,32.211817607775885,1,7,796.802789841466
2023-02-07 08:00:00,30.08065955943975,1,8,761.0718732179303
2023-02-07 09:00:00,29.913729979950645,1,9,820.4910145620518
2023-02-07 10:00:00,30.997786634167976,1,10,738.0238387387418
2023-02-07 11:00:00,25.744992584689395,1,11,594.4397189659402
2023-02-07 12:00:00,26.822115318897065,1,12,603.0688734145075
2023-02-07 13:00:00,24.003995850983937,1,13,471.58517500153476
2023-02-07 14:00:00,23.642258347020896,1,14,495.07881534954106
2023-02-07 15:00:00,25.106138520433124,1,15,428.12213857692655
2023-02-07 16:00:00,22.13683981826888,1,16,342.7982102255896
2023-02-07 17:00:00,21.348012666018217,1,17,342.6808076928824
2023-02-07 18:00:00,18.365056419191422,1,18,237.80562820466082
2023-02-07 19:00:00,22.74764670176036,1,19,277.95292831429964
2023-02-07 20:00:00,23.04561004451122,1,20,297.55476936827176
2023-02-07 21:00:00,26.875744241829445,1,21,434.48324091917027
2023-02-07 22:00:00,22.96921223124526,1,22,516.317872286707
2023-02-07 23:00:00,25.228974130966535,1,23,612.0909395987926
2023-02-08 00:00:00,26.719234851830187,2,0,599.0949035903398
2023-02-08 01:00:00,30.66946926944823,2,1,683.5007254622092
2023-02-08 02:00:00,28.52987641963477,2,2,595.2458774887108
2023-02-08 03:00:00,30.314044441882093,2,3,717.4281106694293
2023-02-08 04:00:00,31.76638752276395,2,4,751.4797683891153
2023-02-08 05:00:00,31.423314862166734,2,5,776.3759339669252
2023-02-08 06:00:00,30.32760025530762,2,6,794.8688116238367
2023-02-08 07:00:00,31.43827660165063,2,7,783.9634023894637
2023-02-08 08:00:00,32.69785800305041,2,8,701.2186702686026
2023-02-08 09:00:00,27.70297079151929,2,9,755.8465769583792
2023-02-08 10:00:00,28.98640683270243,2,10,636.226917040034
2023-02-08 11:00:00,26.114321080042934,2,11,624.869363026491
2023-02-08 12:00:00,28.61056074225836,2,12,689.8097409100823
2023-02-08 13:00:00,21.879998449328525,2,13,421.06694589345994
2023-02-08 14:00:00,22.6026237898655,2,14,299.51186176133854
2023-02-08 15:00:00,23.439357328604984,2,15,378.6720059547349
2023-02-08 16:00:00,25.021388523955164,2,16,432.0567862325925
2023-02-08 17:00:00,21.25933783081736,2,17,417.3255857613896
2023-02-08 18:00:00,20.110068431022277,2,18,239.62320458760195
2023-02-08 19:00:00,25.153152491844516,2,19,383.18132082245756
2023-02-08 20:00:00,18.994312664653993,2,20,313.5862697575697
2023-02-08 21:00:00,18.287321665235773,2,21,370.408009395126
2023-02-08 22:00:00,24.60049638451534,2,22,578.222131196005
2023-02-08 23:00:00,23.92226381019085,2,23,412.31031266164655
2023-02-09 00:00:00,24.311857374640347,3,0,555.8055568211322
2023-02-09 01:00:00,29.065131129013082,3,1,665.7997788989067
2023-02-09 02:00:00,29.34192443644417,3,2,747.7085606114091
2023-02-09 03:00:00,28.761699653361052,3,3,733.9375104444648
2023-02-09 04:00:00,28.123841230482174,3,4,769.8460200369145
2023-02-09 05:00:00,32.9288667969074,3,5,802.8914048557981
2023-02-09 06:00:00,32.65472536481909,3,6,840.0036007104463
2023-02-09 07:00:00,30.985600412788347,3,7,785.8815556108266
2023-02-09 08:00:00,34.3777240199193,3,8,848.0609154488833
2023-02-09 09:00:00,27.749687382182206,3,9,700.4377132569499
2023-02-09 10:00:00,25.803272667052294,3,10,676.8877463656323
2023-02-09 11:00:00,26.26460209465189,3,11,612.9466892827742
2023-02-09 12:00:00,26.263150976190776,3,12,618.9340223005162
2023-02-09 13:00:00,25.546906682034553,3,13,501.13557162041707
2023-02-09 14:00:00,23.371850893189112,3,14,345.0668855215471
2023-02-09 15:00:00,23.522899895997632,3,15,456.9037177583665
2023-02-09 16:00:00,19.521117141598694,3,16,286.2971327839944
2023-02-09 17:00:00,24.41222308560295,3,17,318.2487486657748
2023-02-09 18:00:00,21.190020652116637,3,18,282.11714181899174
2023-02-09 19:00:00,23.759285540632682,3,19,413.129594807054
2023-02-09 20:00:00,22.70964668273499,3,20,247.10767537152742
2023-02-09 21:00:00,23.732295541276603,3,21,552.7890258584562
2023-02-09 22:00:00,24.993857569366178,3,22,502.7414161469643
2023-02-09 23:00:00,25.955644903423796,3,23,518.9545857201916
2023-02-10 00:00:00,27.7717411300849,4,0,574.9727112700347
2023-02-10 01:00:00,30.438695896127278,4,1,670.4284717246597
2023-02-10 02:00:00,29.379337949752752,4,2,719.8495009164944
2023-02-10 03:00:00,31.439837031459575,4,3,788.080505849408
2023-02-10 04:00:00,30.636951240697552,4,4,807.3548164640357
2023-02-10 05:00:00,34.1961591726941,4,5,839.6257910475172
2023-02-10 06:00:00,30.133511006231274,4,6,791.4681890469465
2023-02-10 07:00:00,34.917805607616785,4,7,834.799557151306
2023-02-10 08:00:00,30.736106727983323,4,8,770.820734019087
2023-02-10 09:00:00,27.160279312046455,4,9,769.7126542011273
2023-02-10 10:00:00,29.24250444017139,4,10,722.102880515757
2023-02-10 11:00:00,26.418287520912656,4,11,468.9272524964168
2023-02-10 12:00:00,28.167582708327263,4,12,614.4708659097607
2023-02-10 13:00:00,23.88695242623243,4,13,496.8425249777589
2023-02-10 14:00:00,23.093928743920255,4,14,430.0038496169077
2023-02-10 15:00:00,19.171680242526016,4,15,347.4359186829862
2023-02-10 16:00:00,21.25155595292947,4,16,395.5161147717077
2023-02-10 17:00:00,16.80890782564656,4,17,386.1020795918636
2023-02-10 18:00:00,18.31848996337837,4,18,278.17121697503586
2023-02-10 19:00:00,23.177495791193063,4,19,358.94240701034374
2023-02-10 20:00:00,23.72776890872929,4,20,315.48977160334084
2023-02-10 21:00:00,23.801676827987006,4,21,327.614503803114
2023-02-10 22:00:00,22.052343324091385,4,22,389.18757201141545
2023-02-10 23:00:00,25.096777672553248,4,23,542.3236413241661
2023-02-11 00:00:00,26.609141104241644,5,0,513.7476633112208
2023-02-11 01:00:00,25.593712029550296,5,1,533.3552003208717
2023-02-11 02:00:00,32.123142785957086,5,2,657.4862172019707
2023-02-11 03:00:00,31.906604669506862,5,3,686.296317288126
2023-02-11 04:00:00,30.504544853685644,5,4,646.1764495325966
2023-02-11 05:00:00,31.499746991857183,5,5,729.7787624100825
2023-02-11 06:00:00,32.03311179831788,5,6,760.351594244563
2023-02-11 07:00:00,27.36250557701954,5,7,704.5247875186878
2023-02-11 08:00:00,30.45211843630378,5,8,737.1719336936578
2023-02-11 09:00:00,28.787911592359922,5,9,664.7156645209619
2023-02-11 10:00:00,27.11310616263295,5,10,588.7034720034086
2023-02-11 11:00:00,27.34824082216348,5,11,578.7537291579604
2023-02-11 12:00:00,30.211719236121827,5,12,500.79112939876524
2023-02-11 13:00:00,26.603936679444196,5,13,370.1818252125519
2023-02-11 14:00:00,22.973988202857186,5,14,321.5865338313837
2023-02-11 15:00:00,24.225977839202365,5,15,263.5932899143918
