date,sales,promotion,holiday,day_of_week
2023-01-01,193.00273595013215,0,1,6
2023-01-02,232.7021821206309,1,1,0
2023-01-03,114.12542023627478,0,0,1
2023-01-04,122.20562633761946,0,0,2
2023-01-05,78.2536220009249,0,0,3
2023-01-06,77.10020034689015,0,0,4
2023-01-07,152.7970722430728,0,1,5
2023-01-08,268.6426189920665,1,1,6
2023-01-09,133.48062636863182,0,0,0
2023-01-10,122.8486006240818,0,0,1
2023-01-11,109.806663971289,0,0,2
2023-01-12,158.19719520577775,1,0,3
2023-01-13,149.96317499956106,1,0,4
2023-01-14,146.46446861606302,0,1,5
2023-01-15,147.34977916091725,0,1,6
2023-01-16,109.7711196309032,0,0,0
2023-01-17,115.026979203342,0,0,1
2023-01-18,141.27030921295074,0,0,2
2023-01-19,114.76452871077052,0,0,3
2023-01-20,88.83604535086656,0,0,4
2023-01-21,195.63052880876285,0,1,5
2023-01-22,200.8635524427791,0,1,6
2023-01-23,85.52310932891893,0,0,0
2023-01-24,135.51040082715775,0,0,1
2023-01-25,119.34948876027357,0,0,2
2023-01-26,86.98165601065848,0,0,3
2023-01-27,59.2734039636008,0,0,4
2023-01-28,173.29438738629574,0,1,5
2023-01-29,148.81308415538257,0,1,6
2023-01-30,115.31450521374069,0,0,0
2023-01-31,110.24220211933337,0,0,1
2023-02-01,89.79504415906825,0,0,2
2023-02-02,109.15434033243194,0,0,3
2023-02-03,159.88181529765194,1,0,4
2023-02-04,246.972865288183,1,1,5
2023-02-05,273.6180792086364,1,1,6
2023-02-06,115.50477130481025,0,0,0
2023-02-07,126.26972622334895,0,0,1
2023-02-08,120.91544908968754,0,0,2
2023-02-09,99.82366412143126,0,0,3
2023-02-10,84.7911442491878,0,0,4
2023-02-11,191.11006288126526,0,1,5
2023-02-12,198.6295589701478,0,1,6
2023-02-13,194.35018211086808,1,0,0
2023-02-14,135.85316399140973,0,1,1
2023-02-15,118.25702952991585,0,0,2
2023-02-16,94.56023494048395,0,0,3
2023-02-17,136.13637670419604,0,1,4
2023-02-18,179.17576543615024,0,1,5
2023-02-19,191.4630658200286,0,1,6
2023-02-20,195.83090271867198,1,0,0
2023-02-21,106.36307711862784,0,0,1
2023-02-22,185.70823025183134,1,0,2
2023-02-23,178.47474663251054,1,0,3
2023-02-24,54.55774036122635,0,0,4
2023-02-25,262.98907974542453,1,1,5
2023-02-26,211.00566002627065,0,1,6
2023-02-27,86.46254029379932,0,0,0
2023-02-28,98.49532497843344,0,0,1
2023-03-01,112.1226117458483,0,0,2
2023-03-02,82.58361148312498,0,0,3
2023-03-03,84.41503826383864,0,0,4
2023-03-04,243.28825980227782,1,1,5
2023-03-05,164.64272220766412,0,1,6
2023-03-06,134.9627247520379,0,0,0
2023-03-07,126.46630732227922,0,0,1
2023-03-08,100.28154516142712,0,0,2
2023-03-09,193.89770193756118,1,0,3
2023-03-10,72.87535243295721,0,0,4
2023-03-11,225.73576260005638,1,1,5
2023-03-12,182.75267734631598,0,1,6
2023-03-13,120.93399399770055,0,0,0
2023-03-14,127.47731162691917,0,0,1
2023-03-15,199.12294168213865,1,0,2
2023-03-16,99.06419614631425,0,0,3
2023-03-17,87.6338463781012,0,0,4
2023-03-18,155.7570633460169,0,1,5
2023-03-19,169.78883588144177,0,1,6
2023-03-20,126.77210339324733,0,0,0
2023-03-21,123.15040590413477,0,0,1
2023-03-22,200.98136087464508,1,0,2
2023-03-23,65.71316788323504,0,0,3
2023-03-24,72.98964602009963,0,0,4
2023-03-25,192.9686538792978,0,1,5
2023-03-26,188.28799728521156,0,1,6
2023-03-27,120.06988641404793,0,0,0
2023-03-28,130.1174237481816,0,0,1
2023-03-29,171.80443267034406,0,1,2
2023-03-30,231.2930683519546,1,1,3
2023-03-31,56.8086303966746,0,0,4
2023-04-01,146.20585296459885,0,1,5
2023-04-02,155.79884016673793,0,1,6
2023-04-03,104.43001131525662,0,0,0
2023-04-04,120.32234772342038,0,0,1
2023-04-05,112.30790194336817,0,0,2
2023-04-06,68.36514406983997,0,0,3
2023-04-07,52.49116436082691,0,0,4
2023-04-08,152.89149954630753,0,1,5
2023-04-09,193.74256898406927,0,1,6
2023-04-10,131.99207332476533,0,0,0
2023-04-11,145.0859311337018,0,0,1
2023-04-12,108.19272101847437,0,0,2
2023-04-13,103.7446275735005,0,0,3
2023-04-14,95.64986617210847,0,0,4
2023-04-15,236.9104848605502,1,1,5
2023-04-16,185.81767322295704,0,1,6
2023-04-17,125.51720653500685,0,0,0
2023-04-18,105.86119398735966,0,0,1
2023-04-19,133.30911734896287,0,0,2
2023-04-20,90.74014097684864,0,0,3
2023-04-21,81.80697017856363,0,0,4
2023-04-22,150.1532496515076,0,1,5
2023-04-23,248.30860706183688,1,1,6
2023-04-24,162.68891063688034,1,0,0
2023-04-25,120.32589638991567,0,0,1
2023-04-26,226.2630129269807,1,0,2
2023-04-27,156.0430334960816,1,0,3
2023-04-28,125.14439567868811,0,0,4
2023-04-29,265.57713928982554,1,1,5
2023-04-30,172.89616828534315,0,1,6
2023-05-01,196.04560022164355,1,0,0
2023-05-02,197.4720536249124,1,0,1
2023-05-03,134.2701343833169,0,0,2
2023-05-04,99.07756116941844,0,0,3
2023-05-05,98.23105248569075,0,0,4
2023-05-06,169.73594803105948,0,1,5
2023-05-07,258.3204121910806,1,1,6
2023-05-08,200.53298012542135,1,0,0
2023-05-09,113.39439473555528,0,0,1
2023-05-10,86.8946141302879,0,0,2
2023-05-11,103.52765385699868,0,0,3
2023-05-12,57.98397503121721,0,0,4
2023-05-13,160.33085769871172,0,1,5
2023-05-14,173.4020356857688,0,1,6
2023-05-15,205.2869386151716,1,0,0
2023-05-16,142.96912701763947,0,0,1
2023-05-17,126.75223449186221,0,0,2
2023-05-18,101.40870050107519,0,0,3
2023-05-19,71.05336707205181,0,0,4
2023-05-20,241.6113330466923,1,1,5
2023-05-21,255.06089439416263,1,1,6
2023-05-22,108.58240794841879,0,0,0
2023-05-23,113.46179161423393,0,0,1
2023-05-24,102.24060425633726,0,0,2
2023-05-25,84.22093232714148,0,0,3
2023-05-26,94.7796870267919,0,0,4
2023-05-27,148.5438170176478,0,1,5
2023-05-28,169.0578884654426,0,1,6
2023-05-29,91.88552883376785,0,0,0
2023-05-30,140.73080028129925,0,0,1
2023-05-31,176.7301304024877,1,0,2
2023-06-01,101.23395369348091,0,0,3
2023-06-02,87.63122465954815,0,0,4
2023-06-03,184.1459496670008,0,1,5
2023-06-04,256.84974952437375,1,1,6
2023-06-05,101.42353284007193,0,0,0
2023-06-06,96.16230860556206,0,0,1
2023-06-07,66.90814011061988,0,0,2
2023-06-08,93.74262360583222,0,0,3
2023-06-09,92.13353034369723,0,0,4
2023-06-10,171.43869192860694,0,1,5
2023-06-11,157.05353545240763,0,1,6
2023-06-12,131.21902182603927,0,0,0
2023-06-13,109.0253178189063,0,0,1
2023-06-14,95.07412237022496,0,0,2
2023-06-15,160.5128416881013,1,0,3
2023-06-16,81.67757559395464,0,0,4
2023-06-17,142.09284677788332,0,1,5
2023-06-18,179.4444612942131,0,1,6
2023-06-19,122.07835333011548,0,0,0
2023-06-20,136.10841668729066,0,0,1
2023-06-21,111.31702464066981,0,0,2
2023-06-22,71.22789774474208,0,0,3
2023-06-23,82.73479517114694,0,0,4
2023-06-24,148.45949624144734,0,1,5
2023-06-25,163.23082265449517,0,1,6
2023-06-26,95.19607559626047,0,0,0
2023-06-27,90.82975304522606,0,0,1
2023-06-28,180.17022726332007,1,0,2
2023-06-29,108.25565636335244,0,0,3
2023-06-30,114.34870198777669,0,0,4
2023-07-01,155.75959297553783,0,1,5
2023-07-02,276.2915829015444,1,1,6
2023-07-03,189.71789487581168,1,0,0
2023-07-04,94.73752245190808,0,0,1
2023-07-05,119.19180870404256,0,0,2
2023-07-06,174.84453651958273,1,0,3
2023-07-07,107.77173587578027,0,0,4
2023-07-08,141.34319312089798,0,1,5
2023-07-09,221.94049062502944,0,1,6
2023-07-10,139.51238949718302,0,0,0
2023-07-11,199.22970464020867,1,0,1
2023-07-12,184.19810790537352,1,0,2
2023-07-13,80.58517718461982,0,0,3
2023-07-14,82.14743134418052,0,0,4
2023-07-15,161.60432801950438,0,1,5
2023-07-16,187.70693120370902,0,1,6
2023-07-17,191.22112973408585,1,0,0
2023-07-18,220.72301361608638,1,0,1
2023-07-19,110.55336524984787,0,0,2
2023-07-20,87.47006979876299,0,0,3
2023-07-21,95.86574048305444,0,0,4
2023-07-22,140.0255158976732,0,1,5
2023-07-23,265.114825284157,1,1,6
2023-07-24,116.02019969550201,0,0,0
2023-07-25,98.3358002875498,0,0,1
2023-07-26,113.05012558882393,0,1,2
2023-07-27,106.47750026177302,0,0,3
2023-07-28,124.94330211162384,0,1,4
2023-07-29,166.95174679515495,0,1,5
2023-07-30,205.749866646821,0,1,6
2023-07-31,122.25115237727964,0,0,0
2023-08-01,138.24563803480473,0,0,1
2023-08-02,114.98254359011923,0,0,2
2023-08-03,87.18518173361934,0,0,3
2023-08-04,64.6384729848634,0,0,4
2023-08-05,155.31182652709788,0,1,5
2023-08-06,176.14316593129143,0,1,6
2023-08-07,166.0839261809609,0,1,0
2023-08-08,211.0473516215814,1,0,1
2023-08-09,113.63246080599055,0,0,2
2023-08-10,104.37247383110972,0,0,3
2023-08-11,88.41219749175075,0,0,4
2023-08-12,168.2924345172418,0,1,5
2023-08-13,157.52010897739552,0,1,6
2023-08-14,162.7239932422856,0,1,0
2023-08-15,192.62088053073944,1,0,1
2023-08-16,125.00577894668984,0,0,2
2023-08-17,189.10047959031235,1,0,3
2023-08-18,70.4508538530334,0,0,4
2023-08-19,178.60911155957854,0,1,5
2023-08-20,174.58518781116152,0,1,6
2023-08-21,110.31114473465963,0,0,0
2023-08-22,123.36065676237641,0,0,1
2023-08-23,112.94476361989415,0,0,2
2023-08-24,91.90059794791223,0,0,3
2023-08-25,60.487121523024214,0,0,4
2023-08-26,162.54167075837412,0,1,5
2023-08-27,214.17718092282564,0,1,6
2023-08-28,73.8765662173299,0,0,0
2023-08-29,212.54466484706282,1,0,1
2023-08-30,204.53454878269557,1,0,2
2023-08-31,150.94710942835647,1,0,3
2023-09-01,73.45985805522034,0,0,4
2023-09-02,149.35261298148913,0,1,5
2023-09-03,287.80948065967783,1,1,6
2023-09-04,132.18200865102705,0,0,0
2023-09-05,216.76993886060745,1,0,1
2023-09-06,190.48738317227324,1,0,2
2023-09-07,191.00370446389377,1,0,3
2023-09-08,80.37789325043246,0,0,4
2023-09-09,184.75073475879776,0,1,5
2023-09-10,257.76955363831655,1,1,6
2023-09-11,105.44800089865916,0,0,0
2023-09-12,146.6628122386156,0,0,1
2023-09-13,108.36494337237414,0,0,2
2023-09-14,157.84032659401203,1,0,3
2023-09-15,66.856933294014,0,0,4
2023-09-16,150.7646902553535,0,1,5
2023-09-17,192.6666352654399,0,1,6
2023-09-18,114.15368649368224,0,0,0
2023-09-19,233.9679428835928,1,0,1
2023-09-20,126.47034751721289,0,0,2
2023-09-21,95.17939716905845,0,0,3
2023-09-22,181.5599048743378,1,0,4
2023-09-23,156.93076030359694,0,1,5
2023-09-24,152.17821293761054,0,1,6
2023-09-25,100.79288378573946,0,0,0
2023-09-26,121.70667568418057,0,0,1
2023-09-27,105.33955269978436,0,0,2
2023-09-28,183.6885560415112,1,0,3
2023-09-29,158.6322350362116,1,0,4
2023-09-30,255.5838912400655,1,1,5
2023-10-01,282.51457445846455,1,1,6
2023-10-02,113.72119189019908,0,0,0
2023-10-03,157.82573757430328,0,1,1
2023-10-04,82.35587217372282,0,0,2
2023-10-05,89.46391553654075,0,0,3
2023-10-06,62.02206987017331,0,0,4
2023-10-07,166.54177200757957,0,1,5
2023-10-08,263.53999635015975,1,1,6
2023-10-09,119.1267750180673,0,0,0
2023-10-10,112.29671939669218,0,0,1
2023-10-11,143.15470770837373,0,0,2
2023-10-12,72.302002543003,0,0,3
2023-10-13,60.564254348940736,0,0,4
2023-10-14,189.18804598668822,0,1,5
2023-10-15,169.43581304115096,0,1,6
2023-10-16,101.46626933631401,0,0,0
2023-10-17,154.04223670948312,0,0,1
2023-10-18,123.46351553470505,0,0,2
2023-10-19,82.40535699557557,0,0,3
2023-10-20,163.7640603417671,1,0,4
2023-10-21,193.55143962305442,0,1,5
2023-10-22,190.3743102142631,0,1,6
2023-10-23,134.92885647595756,0,0,0
2023-10-24,131.5706059246436,0,0,1
2023-10-25,122.63147497165409,0,0,2
2023-10-26,91.9184506563057,0,0,3
2023-10-27,80.67166894100684,0,0,4
2023-10-28,168.3691261308657,0,1,5
2023-10-29,191.01679211175417,0,1,6
2023-10-30,111.38689991187144,0,0,0
2023-10-31,121.32936726118169,0,0,1
2023-11-01,104.02249054301159,0,0,2
2023-11-02,173.0575975475666,1,0,3
2023-11-03,61.73649679163594,0,0,4
2023-11-04,203.45303235503212,0,1,5
2023-11-05,169.0058982183172,0,1,6
2023-11-06,110.21471877796891,0,0,0
2023-11-07,107.20959234031442,0,0,1
2023-11-08,117.91330601981984,0,0,2
2023-11-09,88.38228574901407,0,0,3
2023-11-10,146.04432910490547,1,0,4
2023-11-11,254.21662084400424,1,1,5
2023-11-12,191.87473721884177,0,1,6
2023-11-13,114.6334847822018,0,0,0
2023-11-14,139.5441689729054,0,1,1
2023-11-15,141.54366486574685,0,0,2
2023-11-16,96.42333967552788,0,0,3
2023-11-17,61.39040698206372,0,0,4
2023-11-18,185.57397726568104,0,1,5
2023-11-19,167.16337875881092,0,1,6
2023-11-20,156.7648047534093,0,0,0
2023-11-21,230.69342610655045,1,1,1
2023-11-22,153.8774153231818,0,1,2
2023-11-23,60.1220618049463,0,0,3
2023-11-24,61.23932849501398,0,0,4
2023-11-25,184.37126464704997,0,1,5
2023-11-26,184.76722598443726,0,1,6
2023-11-27,146.27257599007137,0,0,0
2023-11-28,126.77618482208032,0,0,1
2023-11-29,110.85711837846645,0,0,2
2023-11-30,117.02593507998226,0,0,3
2023-12-01,125.65349674474518,0,1,4
2023-12-02,161.41945236149465,0,1,5
2023-12-03,243.58843849252307,1,1,6
2023-12-04,80.06239467787759,0,0,0
2023-12-05,142.933573196596,0,1,1
2023-12-06,90.88264835403169,0,0,2
2023-12-07,130.2878948661643,0,0,3
2023-12-08,70.74587759531322,0,0,4
2023-12-09,154.19773526626375,0,1,5
2023-12-10,157.18132688117078,0,1,6
2023-12-11,111.6418697215199,0,0,0
2023-12-12,109.53053429900325,0,0,1
2023-12-13,134.74361621351852,0,0,2
2023-12-14,93.8494676088737,0,0,3
2023-12-15,80.36848141651804,0,0,4
2023-12-16,162.34327903940022,0,1,5
2023-12-17,191.79262380283694,0,1,6
2023-12-18,188.85170716484265,1,0,0
2023-12-19,129.50664964661436,0,0,1
2023-12-20,132.88722209326266,0,0,2
2023-12-21,98.22345037214299,0,0,3
2023-12-22,76.75547251398652,0,0,4
2023-12-23,150.06148278606108,0,1,5
2023-12-24,175.8731402047935,0,1,6
2023-12-25,204.08281275894916,1,0,0
2023-12-26,96.5106481148768,0,0,1
2023-12-27,121.15081614799062,0,0,2
2023-12-28,94.43651554107068,0,0,3
2023-12-29,78.26360435998286,0,0,4
2023-12-30,154.4721691788743,0,1,5
2023-12-31,252.8543344854587,1,1,6
