date,open,high,low,close,volume
2022-01-03,101.51197977617856,102.91133521276457,100.27052992624611,101.04889100241274,662410.8625128092
2022-01-04,101.77495375375831,102.69958743667108,100.26905971719471,100.82024543352324,927740.6646422411
2022-01-05,101.48653960539917,102.24545376222892,100.66834072197686,102.18582339230875,603790.0395000193
2022-01-06,105.68052704343779,106.32746382114337,105.39566796768155,105.3990424250925,846019.2351804798
2022-01-07,104.63375068681901,105.65729528499352,104.46356606429408,104.95907197137993,53192.66652310721
2022-01-10,104.27740972796562,104.91445780526972,103.82418167863834,104.52097241984796,1106646.8536864694
2022-01-11,107.632630034519,108.82402021666617,106.93624258706228,107.92882699663843,1000602.7376811121
2022-01-12,109.22098936287573,110.2881565493976,108.26568415430522,109.65298474771564,591455.6844659047
2022-01-13,108.70680644433739,109.75635915965672,108.59413874407312,108.68254563036497,1329622.8342162026
2022-01-14,109.50777640741325,110.45848667717932,108.03024632635798,109.92325146561876,1468785.0688132793
2022-01-17,109.0988472601741,110.41624132580843,107.82192973315068,108.96361884728418,196220.06781551288
2022-01-18,107.9822502824905,108.20496894190747,107.78859082321078,108.00736933721507,618637.6107168929
2022-01-19,108.46611542296718,110.66085031902564,107.74929310236438,108.58558944640038,615428.8251063509
2022-01-20,104.10747609842275,105.25044574753312,102.24093948134968,104.56125792944356,530048.4494455677
2022-01-21,100.77771282517865,102.80206229362807,100.69503213933595,101.06609849046282,1414737.420965874
2022-01-24,100.3635772811613,100.56148806462394,99.86413415986515,99.98588166824842,903086.9306135982
2022-01-25,98.28034252861065,98.9317605322251,96.51643419155633,98.02988393479846,867742.5793446946
2022-01-26,98.20849538451724,99.18115884097082,97.57768369996246,98.6972730069165,1931.1822033767821
2022-01-27,97.01919906114216,97.33954636933647,95.94534608409835,96.96953290842755,1317709.0151046133
2022-01-28,94.69168553563594,95.11585148203785,92.46189940761586,94.31599197395005,380370.80257326376
2022-01-31,96.33546400015072,97.69300212874691,95.11443030462537,97.17016664071141,1029966.3151331642
2022-02-01,97.05243976554426,97.62613976948285,96.19866196588568,96.7807596693543,1138688.4689790958
2022-02-02,96.62871260805105,96.98437907978494,96.40222850920121,96.96002448752397,1680329.2979193255
2022-02-03,94.56857402610137,96.71084438471324,93.32383545508131,94.28327469180479,345589.8004404439
2022-02-04,92.92733220568243,95.03650495405441,92.55512542961138,93.30896178395369,509756.07791041257
2022-02-07,92.66052173651688,93.99928645652318,91.5717731168127,93.56296278684914,1091924.7723768475
2022-02-08,90.66571354429921,91.517488241409,88.7811272383646,91.47948476324079,1900255.5907554268
2022-02-09,92.23958563390838,92.35961696062664,90.6722996323055,92.21554316057768,1619473.1764697186
2022-02-10,91.2898356436421,91.90335361637253,90.6711249709951,91.15997439278136,1104829.7076373128
2022-02-11,90.22287463045228,91.69782550820288,89.10325719716327,90.67503294300448,754181.9071839764
2022-02-14,89.95447975957667,90.21185629700001,89.49429728327678,89.63518353018799,1403561.2983186552
2022-02-15,92.23380313885895,94.733147243871,90.46536377329609,93.06456316999342,513226.9001477657
2022-02-16,93.05293574870468,93.48519877063362,92.7297680345199,93.08597564802834,1238178.8846781095
2022-02-17,90.57756855341007,91.83027259299405,90.4299659671114,91.18307665329131,1252735.0795833133
2022-02-18,92.41596793778017,93.22507245398062,91.94993143591192,92.74188599168124,1530104.95374944
2022-02-21,90.57380417110457,92.1477909343946,88.95540176817957,90.55010483544636,2379830.019455539
2022-02-22,90.54441763629788,92.2003899819422,90.03081752972817,90.97462431893986,1196207.9835893835
2022-02-23,87.32946151618144,88.98611416850616,86.79676067651953,87.52173928829635,745518.1871462506
2022-02-24,85.77321443153953,85.9976662500995,84.10015119122203,85.27006802693231,987212.8439040028
2022-02-25,85.36082522826074,86.69636946563446,82.48856301497909,85.6492711630223,115462.04755544092
2022-02-28,87.38496002638311,89.06888771784098,86.9395990652999,86.96711397035054,652643.4344554709
2022-03-01,86.74448377483152,87.76822146502927,84.97223217816178,87.30933720216034,795358.780943448
2022-03-02,87.41609386147361,88.4947746949049,85.4899325579681,87.15119177251597,737955.8010327037
2022-03-03,87.39204708163639,87.4305555511371,86.21416651472117,86.67126277130744,1076177.436016861
2022-03-04,82.9521390094583,84.36058855946277,82.34992694909653,84.18796125952196,588790.0338088997
2022-03-07,82.62765509105675,83.90976265627866,82.15888083498173,83.02610271879199,1560515.3336622356
2022-03-08,82.5943932206703,83.24671609908371,81.30747171789173,82.30585715708003,1000103.5324590985
2022-03-09,84.00505006870671,85.68296491871246,83.70325816888725,84.1065727617282,995349.8394306928
2022-03-10,84.91450141643213,86.39104176615803,83.96284820136178,84.72892847974647,836052.6417435411
2022-03-11,81.5322918260445,83.21437577354986,80.3053586021602,81.83428441940241,1077595.3419294895
2022-03-14,82.45091915848602,83.07648185999554,82.30747018826962,82.40762426474957,1412549.1323338174
2022-03-15,81.73844700309742,82.21208915423088,81.53477325292046,81.81628562079347,566434.8921445499
2022-03-16,81.34034421518403,81.83437440146677,79.87847059759757,80.75645318435413,670941.7554623717
2022-03-17,81.9185528957231,82.179226661547,80.96446212003264,81.7913424740725,848136.9856116676
2022-03-18,83.70594695693859,84.256252110784,83.31066673399947,83.53714562590099,327064.5382633925
2022-03-21,84.94428171561434,85.82184356661362,84.57691620879815,85.15022019867557,590371.0701392512
2022-03-22,83.53103009433615,83.80038727736384,82.6174454681029,83.77483320637239,761889.5632276705
2022-03-23,83.08370807457483,84.472716187744,82.28052912389448,83.29998716848463,1437194.5903563637
2022-03-24,84.09286760355515,84.63646775814958,82.40295296340648,83.895641532366,1131280.6645009625
2022-03-25,85.38088683187055,85.9619934043668,85.10976323082798,85.59137907228069,1096794.9556837722
2022-03-28,84.96231890570202,85.73401761635037,84.79606418290538,84.81743147725382,1425448.9810839861
2022-03-29,85.58303562285082,88.43157824348089,83.79812354438027,84.5453352235281,931314.1058003017
2022-03-30,83.172090778252,84.32085647862411,80.31228816626322,82.73652842653615,1195232.4249644447
2022-03-31,80.658007412972,82.56073295783402,79.77396201661095,80.82101917905592,948389.1235337519
2022-04-01,82.78682189784821,83.14926283925135,81.4493710396738,82.18621493676623,1132681.1746998143
2022-04-04,84.28420518530015,85.60791276643707,84.00287762818193,84.48824287181093,708620.671194209
2022-04-05,83.38978188411552,85.70352562742535,83.32279116689065,84.40884415170444,219408.57913821447
2022-04-06,85.65912843088643,87.32399837372365,85.14318921318232,86.16317158634513,932860.418906848
2022-04-07,85.89663406400291,87.29973122582774,84.33408820711637,86.83203002451584,1711374.06804997
2022-04-08,85.58599884176351,86.10825946551488,85.05694616441721,85.76175558378416,1463107.7011207961
2022-04-11,86.43629156528931,86.48321214416849,85.6328176960727,86.42708237569454,1482698.7422955853
2022-04-12,90.00974805055567,90.48678887777879,87.91723997124878,89.17152939441803,1618065.360903109
2022-04-13,89.31568768209124,89.39250957315149,88.85866606304252,89.15222399520916,1044328.7954807187
2022-04-14,91.9226173371573,93.31515982575031,90.5660355325339,92.03216760156174,1098657.8537027978
2022-04-15,87.79267893371389,88.78894575316103,86.91154616068862,87.37797614312214,691174.0522828249
2022-04-18,87.7650263576598,89.36435059532506,87.72938487536233,88.87059401216375,841963.5719864751
2022-04-19,89.18777839421335,90.74436029287311,87.45483929925355,89.06997111515906,1307885.574885571
2022-04-20,88.96862221161953,89.39673737258545,87.41845026021888,88.58318961467604,1601942.218584408
2022-04-21,88.05099905237729,90.29105196590152,87.31640747557924,88.79029217526721,930276.8621595002
2022-04-22,85.94453995466672,86.79476169678021,84.56241049604887,85.37266293306325,774905.3675742942
2022-04-25,85.21016422460463,85.55881635901248,84.84034682362648,85.04091602085742,1000263.9794282987
2022-04-26,85.48566582939183,86.04256749066067,84.33702847996312,85.69330978634224,1300603.3744645575
2022-04-27,88.62456173989783,88.94619679111521,87.29234898786629,88.30817080684469,278072.5919332291
2022-04-28,88.57660467454261,90.65335265810344,87.37957839579244,87.44125824564041,148090.47656861902
2022-04-29,86.17267756595042,86.55461301818198,85.6529279380906,86.08174443842117,724731.5752542082
2022-05-02,85.38895399298154,85.81899564017262,84.57173809256822,85.26484369983137,389643.7870429207
2022-05-03,86.65400393296727,87.91396783676925,86.47756237769005,86.8836843827374,745929.9011763446
2022-05-04,87.07564585279135,87.73935719655026,86.70861801370803,87.50056803752375,926109.8405912642
2022-05-05,87.03684361766598,87.29588576348668,85.79408548874514,86.62167570939386,773375.7954884933
2022-05-06,87.13118380896225,87.75557557100166,87.04503992591587,87.55922572191668,1726233.7672353727
2022-05-09,87.8090503448001,87.88065160421417,86.70112821420479,87.7732672261904,1163372.3823011601
2022-05-10,89.29619547754918,89.57224643744158,86.37484499405457,89.53502420093173,1150237.1798054143
2022-05-11,88.5702864719767,89.29791601561368,87.89423675494584,88.3307965591035,1311103.572021701
2022-05-12,87.96455487890324,88.01650076471054,86.89378898517357,87.79772382625977,430583.4411096155
2022-05-13,87.6742292841532,88.40686936136878,84.79252687648241,87.15545931202425,1519555.8937101343
2022-05-16,84.42868964377054,84.7644144233065,83.4189589390606,84.68369784319792,962117.8567322701
2022-05-17,85.0943836573751,85.30795631533788,84.47522939636991,85.22932112502178,1335240.3086206063
2022-05-18,85.22894268643641,87.71652522885968,83.17144721672472,85.71832454432757,464071.3834799223
2022-05-19,85.54781896462644,86.68629326936698,85.52702525695103,85.7699655946645,223120.61699196778
2022-05-20,85.59984268451258,85.94633116041058,84.68318949676102,85.41119243799015,1408944.8290125143
2022-05-23,83.447340516228,84.44535062608765,82.88594976680048,83.06884620790532,1188204.7630487583
2022-05-24,81.95304133047782,85.31037937076032,80.57816491132964,82.41412399256663,548974.2228212447
2022-05-25,82.32690398067129,84.41527868545202,81.24613684149392,81.89210102061845,565168.4593626529
2022-05-26,81.30670668586886,81.44629631402404,79.82969574981612,80.62888775646638,1562717.3922073846
2022-05-27,80.61613314604625,81.72431596278376,79.92667217225237,80.4094156944344,405294.05356633605
2022-05-30,82.04077708836182,83.08068301548735,80.14905057382407,81.10237918208279,1821336.4766279818
2022-05-31,83.87552863197347,84.87519713658781,83.75285831597867,84.26242323152525,549689.6326760657
2022-06-01,83.97710623295849,85.65284914778786,82.35242777448893,84.5994335846142,1319195.9628041915
2022-06-02,84.18949886297027,85.7026279481182,83.86641958985425,85.07885898742241,835690.7621255077
2022-06-03,85.74278668939372,87.65681804326051,84.74241103152285,84.99476453364913,1301593.7155411716
2022-06-06,82.16293666356863,82.35361906433198,81.54394256647606,81.8357538353916,727942.9989429037
2022-06-07,81.80548375467454,82.05070896330949,80.24229294597788,81.83327609012977,918603.5469638528
2022-06-08,82.11287270737037,82.98294043805913,81.0897786170633,81.97288839421046,1020459.5876978606
2022-06-09,85.59272122379166,86.65114763541345,85.51488402677886,86.15546574744084,498906.27210926363
2022-06-10,87.09044259944953,87.24086150459311,85.68708669605049,85.86756660964112,1370412.172710063
2022-06-13,86.49480897327125,86.85976997573748,83.23709081443877,86.43019838228363,743393.2167642073
2022-06-14,86.468109606228,88.87152519146628,86.11465930055986,86.41341220892555,885700.0423299908
2022-06-15,84.82214744928737,84.87976624632095,83.70747308724285,84.45926413733802,502825.31269574387
2022-06-16,86.69565555287686,86.89675459959183,86.02879334080295,86.4551509370085,281166.8293976553
2022-06-17,87.92098176953833,88.97163616554595,86.66059404820201,87.80903975739876,904486.1186999155
2022-06-20,88.85866059542379,90.35942375610443,88.74539018488602,89.25389782314645,2206307.7108064583
2022-06-21,87.92481132574606,89.11184163130645,86.2507991688607,87.68907714717807,1392302.1439490118
2022-06-22,91.17022399437022,91.8089542163994,89.3099828115575,90.2292117461327,990369.8101328027
2022-06-23,88.45117602844283,89.59418094117332,87.11032191982635,87.77846600536535,868554.5853958662
2022-06-24,89.65581606094767,91.28924759324877,86.98592497141043,88.85922274762797,1011232.9464060232
2022-06-27,92.62941948952157,94.03137272075585,91.54937142380692,92.88502732773716,1273559.557587605
2022-06-28,90.61375522296903,91.41119309833736,90.16643332731029,91.10855763309833,409593.59234557755
2022-06-29,90.0646468709044,90.88181618097357,88.78363050916929,90.12754033095422,1557160.8473344361
2022-06-30,90.38037351835146,90.44451186494446,90.2846555516797,90.35251106220711,1357690.6577206221
2022-07-01,90.03910116166175,90.36786357196523,88.63923172730405,89.49200540242627,1359092.8628539671
2022-07-04,85.95632015400149,87.12390968430917,85.47158733670702,86.80255246885889,1219237.8694048636
2022-07-05,87.72990979845703,88.15183055269232,86.11877798373585,86.96513463872672,1009808.3288469949
2022-07-06,85.10053167478505,86.79324689313319,84.45698184246758,85.17953562407455,1336430.61798341
2022-07-07,85.81974166675113,86.48671650323882,84.78978084916997,86.03318220172484,1295907.066870689
2022-07-08,84.00181025617731,84.75201907909805,83.66703492407076,84.5078624438074,822979.6445294882
2022-07-11,86.38468754110471,88.17620304532595,85.98103907786272,87.21211587703759,713199.1135515495
2022-07-12,86.31110167378668,87.50057216271132,84.94439380245637,85.89951638180573,1050928.1476309933
2022-07-13,85.42733960581683,86.65494742095382,84.96708155662915,85.39068062222262,1774510.0757475938
2022-07-14,86.18980652543675,87.43218704515714,84.1272816061936,86.83478697530728,380446.4621730496
2022-07-15,84.1180798165142,85.46679194485691,83.05054690225992,84.765619202546,266237.36712377996
2022-07-18,85.02680765202054,85.49226350502559,85.00258819534778,85.1947000016656,1082380.4206182584
2022-07-19,88.3295485219145,89.70525533522613,86.08281720385438,87.4950377592698,1025443.850928009
2022-07-20,84.63941674018534,84.91926800289967,84.55977534893962,84.76921241586714,1086670.8321852041
2022-07-21,84.37379698290918,85.25094491293977,83.92142518665945,85.12536845946823,1121976.59895425
2022-07-22,85.48889633637312,85.78483969269996,84.42650280822623,85.6117678684161,888398.8726825975
2022-07-25,86.86808294795891,87.02002378041422,86.43977585075126,87.00444473283275,1744931.7193010412
2022-07-26,83.57245302915466,86.01717143752064,83.38530876415011,84.92089635062544,199548.01076174225
2022-07-27,82.72178058850396,84.18897890435716,81.7360505928241,82.74892802176286,585751.487609877
2022-07-28,83.5436062098569,85.25357853818622,82.35622015829215,83.65907347496125,948372.6199254763
2022-07-29,84.54765383196694,85.39461518028527,81.60998700754162,84.19955064956024,178405.59442291642
2022-08-01,85.58923661880418,86.58062896826048,84.08512539811792,84.6647585713315,912072.7977839644
2022-08-02,85.85935464510513,88.01274475870885,84.97027581374908,85.29607213033125,1830735.082864009
2022-08-03,84.05149459092246,84.82490068388938,83.85711028934513,84.18593893619988,1010443.2441479809
2022-08-04,84.0669350521816,85.94328779995995,83.71376875937092,84.62019800655244,1115350.4528593416
2022-08-05,86.4469008648334,88.08891602496976,84.82173711974677,85.16022096320846,369917.6174137099
2022-08-08,84.0237804493401,85.03359753868273,83.69876982219381,83.99417123233285,691819.2959802613
2022-08-09,87.23823717713806,87.92638752231578,87.06281155491197,87.23127253118159,812401.8098380315
2022-08-10,88.0938422963463,90.3583406452456,86.77624476073834,88.1059048399013,841142.451621883
2022-08-11,86.17356688763907,87.15533237463066,85.0679819419755,86.07452450725515,1640821.8975018845
2022-08-12,87.18366540233907,87.58067699180967,86.04378684121002,87.25584560830104,1278845.5303625623
2022-08-15,85.32734901158358,88.11358572989727,84.01023394424371,85.61418001502369,444271.021531484
2022-08-16,86.74262326917925,89.30699531239019,86.62455474218817,87.01605273979945,1123252.3892160025
2022-08-17,89.08408606131312,90.49003516318471,86.96223116230452,89.10046269642112,1249110.8742483926
2022-08-18,87.4220595323869,89.33917066491067,86.81423754529246,87.69377191795378,1570074.5192606333
2022-08-19,89.08808448625231,90.46707780960054,87.7910899396912,89.4445073775909,1790270.343284187
2022-08-22,90.28430295266607,92.72405535900533,90.20821977652123,90.23108783882012,492452.90408606565
2022-08-23,91.64524421320087,93.15700564042181,90.64594198090596,91.77273282191129,594571.2443948309
2022-08-24,96.1207587411924,96.68466786124476,94.86398732567284,95.36876224690106,371211.07054269186
2022-08-25,93.62383957603632,95.5440788218981,92.78321954953176,94.94932448023282,882990.0704465093
2022-08-26,94.12125364897585,94.97466920775616,93.02876665481324,93.57550022301461,1233179.1872231672
2022-08-29,92.59450253592522,93.35343112571198,91.73252784050672,91.97145993967641,1493667.258294551
2022-08-30,89.49156832572947,90.80945486590292,89.12474391391478,90.52826344193355,962024.4881787386
2022-08-31,90.26263523170348,90.53818013269554,89.87087708265966,90.43397902874366,840076.238372578
2022-09-01,90.91294097323285,91.16125453413026,89.99053078873435,91.09866140623075,1075878.9961243703
2022-09-02,90.94623977031407,92.40396020653965,89.33086408084462,91.64999561767297,582428.5491849885
2022-09-05,92.83652658779646,93.50611000845866,92.51420611858512,93.22543493159189,2044769.3608473865
2022-09-06,92.74102879983924,94.98927353676754,91.52387027901375,93.29631672257216,196169.48644097068
2022-09-07,96.97248299667876,97.07082262347352,94.5750317230445,96.09634777496696,1092370.2894478622
2022-09-08,96.10468614851231,97.09327725566324,94.63853605379062,95.63684695193858,2011803.1096148198
2022-09-09,101.67022852811411,102.77381784532987,100.60283066789897,101.03445098061702,1003399.9222799989
2022-09-12,102.71867555888291,102.89856971003638,101.95410943652467,102.35783952686128,904980.4824992528
2022-09-13,100.10385460724108,102.0603827791943,100.07965900085016,100.66838049284969,821277.2885947864
2022-09-14,98.32222556462978,99.50280230377197,97.41852370389965,98.58448569776967,909804.1591187961
2022-09-15,99.83484599984716,101.40534660347033,99.2657994375116,99.5901587192332,1686424.237338265
2022-09-16,98.58457949303936,100.18527153405566,97.40553970187955,99.19564339748533,105930.95566475345
2022-09-19,101.02914335771752,101.96991454570573,99.48496475416977,100.67264414263133,1766716.850648163
2022-09-20,101.56067427865786,102.66332437127524,101.09605698135947,101.68083697773693,288021.4237749275
2022-09-21,101.39620740283415,101.80825095660597,101.19504774696131,101.58361780660896,866673.8353827926
2022-09-22,100.28312814398613,100.83318024301069,99.64436028833825,99.92764815988438,785377.7898506691
2022-09-23,97.21616466351713,98.18450911838077,96.73512803407004,96.99403300777412,1294276.63488536
2022-09-26,95.99929823639374,96.28515682544925,95.41260443491846,96.17978131930329,200937.8240581262
2022-09-27,98.46993300310805,99.80395849802626,97.4153644448034,97.89026810142593,1231086.3330409713
2022-09-28,97.81895643345665,98.96085574120781,96.9476591359994,98.3594880972566,2012154.8116434263
2022-09-29,96.2951090723906,96.61489100653314,94.64116158867172,95.98714126891846,318412.99770359474
2022-09-30,96.66490329763599,98.25789703116766,96.24197308910539,96.3683526686518,1094853.0838051978
2022-10-03,97.00766546462762,97.60291342224501,95.06873646556933,97.16243868428461,669008.9111016954
2022-10-04,95.67078391834475,95.69042171727143,94.50738608261813,95.5077174072237,1212943.603096518
2022-10-05,95.2241640391004,96.40221078171021,94.54641906857555,95.84972082729305,1009573.888707876
2022-10-06,96.47137778598945,96.6952919200541,95.49545642672707,96.009364276386,679256.5454778452
2022-10-07,93.7940225862424,95.25061408443774,93.6144408043028,93.8864736544639,1243936.142435537
2022-10-10,94.34664165231973,94.73322766522716,93.99601155304617,94.60800316257925,1902174.0548933716
2022-10-11,96.24742411685763,96.67682965798288,95.23373237379151,95.72291950393918,904548.1041363507
2022-10-12,97.51574554829355,97.99021489659722,96.88102407973179,97.86791739356494,1359878.9710740908
2022-10-13,99.2982336772016,100.54576235441976,98.18853383524537,100.00246432538337,353363.52106441814
2022-10-14,96.55501173652485,97.3821863936125,96.14519307959634,97.3333263232868,521781.81159099564
2022-10-17,95.87548767785796,95.91607936906185,95.3312250475666,95.57248270218514,1236203.1389401886
2022-10-18,95.97011288974771,97.3123192538026,95.29753918854497,96.61032756599585,1742058.0142679824
2022-10-19,98.53439961073558,99.19730052828652,95.75712058484818,97.6570025197434,1177806.67439283
2022-10-20,97.67654350758465,100.12011348332622,97.54390976120209,98.71750821152652,843470.9847384228
2022-10-21,107.52644124175993,109.27601798494686,105.70368375294427,106.67821305761491,999645.7027116771
2022-10-24,108.06269865196936,109.30656188736064,106.85010924908107,107.95718991836804,374796.13301514124
2022-10-25,110.44396956754703,111.18523132127814,110.32358840359343,110.49232612348223,1302257.6631776835
2022-10-26,112.40462928939992,113.3954960983736,110.23195974338589,112.6770888328044,1441166.5311617046
2022-10-27,114.41128954987511,115.30621392681955,113.36429981554865,114.21172149269907,773954.8335834598
2022-10-28,113.53178202989854,113.84554905940298,112.99645384394461,113.55059938111096,764978.9261202493
2022-10-31,115.89668487204486,117.14442694471859,115.25450064873243,115.3450339310366,1132939.1148260243
2022-11-01,113.6898263516528,114.36331697589667,113.30073219675276,113.63271252732177,781640.1319797023
2022-11-02,113.22749118727586,113.50648534949966,112.96184062676585,113.15234030654491,966933.6926870887
2022-11-03,111.9334914368873,112.95064459625398,111.22403961974825,112.11529754299423,2049860.8945832576
2022-11-04,112.32672555046985,114.50034749010378,111.8912391799,112.35519836233038,876487.1496270017
2022-11-07,117.89150309278088,119.07910151181039,117.22449641015876,117.73760220833485,820829.9239893889
2022-11-08,112.62338660964649,113.78829151620182,112.36383993206258,113.4784708059748,676229.0971824204
2022-11-09,114.43016865526272,115.73803824724767,113.69135817437521,115.10426136631557,1372095.9857499683
2022-11-10,111.87825867595622,112.29205777340772,110.89125914493181,111.50662662894486,909387.9133909484
2022-11-11,110.5997834582453,110.78507111712301,109.57891203713673,110.51435073918132,675313.4808392869
2022-11-14,112.91214157396315,113.13395394187292,111.82615945778812,113.00413324213949,1660652.016136506
2022-11-15,113.21531068884154,113.25912216082065,112.6701302771948,113.20609372230885,1709801.5022568186
2022-11-16,111.02125952965872,111.16826153128721,110.03941087869674,110.84746867697788,699788.2171306475
2022-11-17,109.0577362013677,110.2914951583173,108.69044888796637,109.32761604152239,66730.02431969193
2022-11-18,110.49001000667204,113.08968537096455,108.65182632987691,110.87916236937319,1503756.844918461
2022-11-21,109.42385747956523,109.98134926457305,109.10246886964454,109.32593485201639,657685.087119998
2022-11-22,109.36597902803761,111.2249683964242,109.01666223191941,109.85516541684513,1395312.7995813843
2022-11-23,110.21445489332494,110.3027369416762,109.99090890957997,110.0103285154677,14948.091144082253
2022-11-24,107.7889891648766,111.21999030464984,107.48580938204232,108.64028096699552,1446298.6691496547
2022-11-25,113.97126255632664,114.77493712429637,112.65674283572177,113.45668473766382,394414.0353596094
2022-11-28,115.19805425009953,116.83717105554359,113.34544490045641,114.961755508893,1365382.0595332622
2022-11-29,110.58174048151251,112.25944129558896,109.40004319520922,110.45372561435558,1007136.533918217
2022-11-30,111.41317857936647,111.96676682107447,109.85403016581454,110.92183308739372,523030.2903016776
2022-12-01,110.35085749699961,110.91984057618488,108.56781268279475,109.51812027476832,796481.8435366098
2022-12-02,111.96416473947016,113.5925613625987,109.74636633437916,111.45697970696109,1343159.2284783504
2022-12-05,108.83869638490738,110.13826124156068,108.73424716636991,109.7591335005732,1052947.226557617
2022-12-06,108.92253380023949,109.76590264370971,108.75371207704949,109.56232228360734,1292206.490236242
2022-12-07,110.41742245646978,111.31151265926627,110.3473702933566,110.72983174531763,1988220.2922577427
2022-12-08,112.73321714118806,113.74797387188093,111.55829331347446,112.72017161608265,217879.19414447434
2022-12-09,110.36030686600037,111.00958441106638,109.17412422157524,110.10147735576581,1808606.287484312
2022-12-12,109.05917958387677,110.64599175721575,108.82081060114199,109.4220514904535,1052177.9687616064
2022-12-13,108.53517334849063,108.56925681674986,107.46659233646966,108.44178996625209,550607.9758384359
2022-12-14,106.70988232414349,107.85754702137879,106.20878815420365,107.08757379032015,334843.1871305051
2022-12-15,110.68600851703991,111.22555333032663,110.49642690044116,110.99176741853589,905439.8046114832
2022-12-16,111.24704138767245,113.50626758230018,110.24599529510532,111.95037193609656,1460825.0559622296
2022-12-19,108.75552071126641,109.54801756653632,106.05228841826718,109.21713733432186,936225.4398112328
2022-12-20,110.62036988355362,112.1297411479707,109.94249456402271,111.29621218636179,1755577.465123674
2022-12-21,115.69178879526679,118.1734610643269,115.03771311213936,116.17972542175545,274412.15497422055
2022-12-22,119.18983413587097,119.56389070571853,116.83238034071059,118.66301323756704,993955.5260769727
2022-12-23,114.69425912246268,116.39662755935196,114.1830565229377,115.16895856687866,373803.2777934405
2022-12-26,115.43220229594148,116.64184331463268,112.74235271835983,114.11601126352278,1181815.941312484
2022-12-27,117.34964808199189,119.02222046882959,116.96554061692375,117.10298913155144,1443443.6950486503
2022-12-28,115.60741986639235,116.02643887575839,114.56212725734197,115.51500180454491,789619.1031594734
2022-12-29,116.17403021082676,117.30822095667578,114.56175195283811,116.60320910091737,302106.92831356707
2022-12-30,118.83315334543931,118.88892242309701,117.16808395215077,118.48299840573482,1099474.0733982474
2023-01-02,116.07707224893001,116.92321807457061,114.43710771955861,116.36489116204889,1218369.2758667548
2023-01-03,116.34557301837319,116.4215784097856,115.5424406199786,116.2845681110505,1202147.3774808487
2023-01-04,110.3200669307265,110.85882292317287,108.96459102269051,109.0400246615921,1617891.095911077
2023-01-05,106.8341665575352,107.8028701004769,105.23220074563802,106.88219650739752,464473.1601754755
2023-01-06,106.97147884273006,107.14083966676614,106.15077969145727,106.39684217958722,1340108.0527252248
2023-01-09,103.4748076769885,105.24011038645644,102.63156108167232,103.82639588955145,1596253.7562389874
2023-01-10,107.30824050771047,107.43696081430765,105.13729779021266,107.32573475295895,110706.20799674164
2023-01-11,105.23696548154564,106.14087312301042,104.17567935129554,104.35156516372788,1159825.9129594886
2023-01-12,103.17545603209675,104.2244695035804,103.05225122531226,103.48893956099063,747910.0844961642
2023-01-13,104.71801493291765,105.9541081081281,103.26030527787873,103.81179065391919,959238.663449177
2023-01-16,107.25507348385005,108.34638360444433,106.85759506974986,106.90119751612232,1173838.241769168
2023-01-17,103.64566762707557,104.53603913592988,101.95061658664481,103.92690101502271,756385.7179432239
2023-01-18,106.74232564627543,107.83463841094802,105.80347241501323,106.42612177674768,662145.9604191941
2023-01-19,106.98741979143021,107.30382824112502,106.3065351113796,106.50114256661685,1017076.2087440123
2023-01-20,104.79402635393106,106.00712405391025,103.74065078712442,104.48312137282247,456377.03056859865
2023-01-23,104.72086511921022,105.64769439279536,103.40084260798952,105.50597747915545,457087.4355574073
2023-01-24,105.61626255726954,108.29916068516367,105.00449346636425,105.97983114518198,1339686.6414782517
2023-01-25,104.64383046401792,105.16090762118804,104.60679366696951,104.76758978179367,425602.98242067196
2023-01-26,104.92920522372113,105.15847105476118,104.49990299920387,104.96642193827115,1333156.250454606
2023-01-27,104.52306034301743,104.83217680721994,103.52030331436823,104.2127242942421,1231295.6464269755
2023-01-30,104.59068046952437,104.72422137430665,103.09551250538591,104.50182996905775,137096.6356047016
2023-01-31,105.28019948592487,106.10034150166047,105.19709391329617,105.94787166527992,661217.6738321725
2023-02-01,109.60723698378567,110.31534566047426,107.9124176842517,109.41713805828269,1597054.7015236863
2023-02-02,107.10030502625378,108.05700734304837,106.03495618992226,106.79501215361186,509417.2344301592
2023-02-03,111.78516922587292,112.57115868638087,111.42283424897289,111.5052740019074,767797.8688453062
2023-02-06,107.82982018317192,109.16105313672969,105.83187832092968,107.2894298203946,1231030.4466259482
2023-02-07,107.43468151912705,109.27088689223035,106.70851136480275,107.0177204418526,1391695.2546412977
2023-02-08,108.56811080307223,109.07610212998478,107.58636435786742,108.338520763458,874230.5569777521
2023-02-09,108.9684849482774,110.10693441018061,108.64931043785823,109.00356780400674,701244.9026541791
2023-02-10,106.87781698347615,109.86118804318663,105.53736653745301,107.70829745023414,1711184.9308492537
2023-02-13,107.52935233530764,107.9179309398386,105.4393707560956,107.31454322574135,1869449.8318987894
2023-02-14,106.41860721694515,108.91160673437794,106.19973729421618,106.31476337336359,1489429.0253908976
2023-02-15,105.2572936827258,105.2633645942657,104.96137146856148,105.12150426412812,1042659.071282512
2023-02-16,106.33809601250657,107.81496107486836,105.6667559360561,106.97647030041672,595867.1391795368
2023-02-17,107.25640570310816,107.87876333185986,107.04320907487048,107.79693397331229,584777.7967217173
2023-02-20,106.89311329875457,106.99200295194571,105.6145675403493,106.36653687208812,1261257.0526328788
2023-02-21,108.33198787994823,109.27084193986433,108.01293394428161,108.35176545687656,1209199.1104443418
2023-02-22,109.41501881518893,109.70529335937758,108.27824260969912,109.07426846650262,1700799.2964732149
2023-02-23,110.93161181912416,111.19900413319606,109.84144549246032,110.91745263105892,1325225.0462680697
2023-02-24,112.39407408549285,112.71577189168886,112.35788436707304,112.37919601574498,248459.84912009095
2023-02-27,111.05574266136907,111.72383311501211,108.68541007262806,110.58660075838107,1525973.8088614591
2023-02-28,109.15121362738758,110.40127834103278,109.09055281357296,109.40923599149626,500969.6863427935
2023-03-01,111.16033605399716,111.33529581069257,110.40386889861621,111.11227566552667,808014.3640238242
2023-03-02,112.30209596600349,113.28897876984885,110.78838157339067,112.533233610356,1125100.1031258472
2023-03-03,112.32521001237005,113.0789679696566,110.52207033611411,112.5424581260862,1997833.744891982
2023-03-06,112.70868592522477,113.76173996875013,111.12454998221928,112.86327198695909,2554959.2780026803
2023-03-07,115.95343849716114,115.98161965453028,115.57524496033281,115.84237161134429,1303361.5295680915
2023-03-08,114.2977469743012,114.54624028177714,113.78902195107128,114.53712128513294,908401.6906398061
2023-03-09,116.48305326279338,117.56894882862495,114.27398449797448,115.85517520000661,1267252.8242402752
2023-03-10,114.99802448088536,115.92002636487507,114.10298616680925,115.44532813199511,1443827.712936918
2023-03-13,114.90786552094387,115.0263283017697,114.42480446926044,115.00130134302455,839666.1872214042
2023-03-14,117.3954171017263,118.43304893006366,117.24862408974074,117.61528263086338,1897605.677956161
2023-03-15,120.35631968013337,121.74652722915069,118.02061010970107,119.6328307379565,1115035.3795957011
2023-03-16,121.75429091967433,122.3121012260262,120.75917421555302,121.65601353141855,1248871.544545697
2023-03-17,125.45260579928166,125.46295841912503,124.6681528816415,124.93668352954734,1332962.1260272306
2023-03-20,124.30890758935152,126.36352400822017,123.41771536393624,125.05168777587001,1210793.305307228
2023-03-21,126.96588500299585,128.0309986660712,124.68054446873191,126.83235987006121,1419470.250234806
2023-03-22,126.55561447958961,126.86083918394428,125.39164576253546,126.11079908177788,691373.4067265384
2023-03-23,127.0356962149999,127.64520841715918,126.7834239815345,126.99455422036219,720849.1230269847
2023-03-24,127.26052309133522,127.44749439432066,125.74060337665135,126.72778290380253,449922.8835141526
2023-03-27,126.7787217673792,127.09401591732649,126.6474648002869,127.03736599242939,1219750.6153101132
2023-03-28,129.3275141182483,129.85720687260505,128.54598851519674,128.62284039815552,1389468.2517560571
2023-03-29,127.747864132285,127.81836291034409,126.3735590886673,126.59841507047538,1228886.4330759428
2023-03-30,131.8932892179613,132.56121014200735,131.24328663713783,132.07470849818114,1837246.2166737686
2023-03-31,129.28586170620162,129.57308738171213,129.1172070342349,129.508612966902,997201.9905854767
2023-04-03,127.19144260022938,129.16690916658325,126.02280971210112,126.46475036167053,1334370.8277962564
2023-04-04,130.28265760480772,131.2219929986265,128.40247245449953,129.49287153194237,454149.5619303428
2023-04-05,131.3638486321355,131.76936620143377,129.95291625238923,131.62527864571214,806450.1487627996
2023-04-06,133.13513716481754,134.55492531620655,133.0365490325333,133.34523057336546,1347768.8787828889
2023-04-07,134.95818212574216,135.69900316016862,134.9393325027973,135.0990744301724,1424551.055371572
2023-04-10,134.46131255334902,136.66428864120985,133.75309813009247,135.13353780886615,853016.5261679089
2023-04-11,132.33723906846907,134.01532689340848,132.10402293720557,132.79656504171118,964200.3740709666
2023-04-12,132.5624947051952,133.27800795950145,131.60935807128197,133.06456508857124,241063.1266595953
2023-04-13,130.95634383270948,132.8309687521115,130.66921966750766,131.34024261526153,821485.3995966953
2023-04-14,133.97646994219375,134.14247984308926,133.3640325675533,133.99381238588714,1445191.581759893
2023-04-17,133.78421999801364,134.12130596913167,133.30560910653926,133.66711263174537,1287602.5080532832
2023-04-18,132.31939950712913,132.93280217067007,130.40042305340143,131.5441492607221,1250332.860690605
2023-04-19,130.26752230052742,131.06916900738494,130.1589625947509,130.7666993208968,1024886.84359048
2023-04-20,132.40922800321346,132.7974048217547,131.8838368133307,131.91706680397516,1003531.5793140882
2023-04-21,130.3963628024437,130.67377344693193,130.18824594517116,130.50335722455645,669839.4302632764
2023-04-24,128.41432734589648,128.59963318177256,128.28578983445755,128.4390592007227,1349414.2101012673
2023-04-25,129.46852540188013,129.47157142203355,127.24926661029919,129.13111565579683,1210486.472194695
2023-04-26,129.26886199308302,130.26716117361053,128.72013708534206,129.83022300386418,1246009.4239963996
2023-04-27,128.776023860234,129.96667013502034,128.49197408600085,128.58481898714197,736982.5786662098
2023-04-28,127.52607120960211,128.47562534504343,127.28298871349818,127.44284510549558,76671.45993562229
2023-05-01,128.345941283097,129.8308392515469,127.07204051016697,128.09971565109294,1548576.3558768479
2023-05-02,124.64976193938217,127.20368307428413,123.23946977656355,124.50517761742826,760581.271995798
2023-05-03,122.3375051386892,123.27182504992847,120.24368022051925,121.10985506873375,568612.1179784397
2023-05-04,119.12292032956046,120.80866902010153,118.15346312903372,119.44179032168611,1346739.455956997
2023-05-05,118.72696980701882,119.21723368641241,118.29977544514713,118.99246828451973,803993.6800404352
2023-05-08,119.48299872838257,120.96468201765431,118.83677141853876,119.79456899159496,1529968.1920233108
2023-05-09,123.16599765270662,125.24571664986676,121.39068676009711,123.44373621228675,1308502.9747883487
2023-05-10,125.32356707538624,126.18372336724428,124.12993024362976,125.64226063903949,1341784.6616002389
2023-05-11,125.8981464033062,126.65730156360884,124.38448396414243,125.30363813775243,317022.1443997328
2023-05-12,126.0288869774948,126.60539737822153,124.3180525354569,125.31863485349987,1605971.9926932002
2023-05-15,122.6070034642748,125.48341890329444,121.93638325519815,122.89237661114953,1130625.265616928
2023-05-16,122.49214358158274,123.45456581638733,121.09967828151841,122.90832136813485,815361.4303768985
2023-05-17,122.49761814815028,122.88942215355283,122.01186385535813,122.26191036995708,1071694.2336711255
2023-05-18,122.83901691586068,124.59404000677529,122.55032328658082,123.11512843800116,111882.38355083996
2023-05-19,121.47202137212162,121.65538129190077,120.89523362447264,121.15555546324386,1204326.4057403354
2023-05-22,122.58323518304123,122.59854503221422,122.34746493114503,122.48177367261557,485314.2459089642
2023-05-23,125.5998578922456,126.9370214493453,124.78904961908582,126.35772994974421,323664.8570782328
2023-05-24,126.91998490622531,127.03956527463946,125.35274358500806,126.14623230556028,238820.40689105447
2023-05-25,128.1253395729381,129.09840851381963,125.47886876315215,127.22740073639034,1556344.1874949625
2023-05-26,128.75380048754897,130.25676633445565,127.44946024467082,129.06019483279115,685368.3031536057
2023-05-29,127.89888664214473,128.2512669951397,126.23639465410906,128.09273742211272,1766863.8549582497
2023-05-30,128.87540107340376,128.9027056129137,127.69992217369966,128.73246837804132,732099.268473851
2023-05-31,128.9965204177043,129.92978837677748,127.70258688588319,128.82929202271077,146321.02120352664
2023-06-01,129.47503773620954,129.91831998740105,128.05479916965794,129.14576559987313,441737.7800256704
2023-06-02,128.2332020385729,129.1180047525998,126.81728548123513,127.22809976918971,1617905.8100034692
2023-06-05,127.26567025760258,127.52708993127303,126.15996558911664,127.3541438713496,922050.9110316662
2023-06-06,128.29410656149312,130.40496366390468,128.0791855312044,128.69325518376235,725856.3517546996
2023-06-07,131.85963063235775,133.92119138929638,131.551596348172,132.54929024636502,1080009.1129263937
2023-06-08,134.81896503093517,136.79799144878288,134.03930449866584,135.18443005090614,1250891.3680837725
2023-06-09,141.1871527661388,142.6748865800693,139.8768440200192,141.2037162525757,1558699.4079512304
2023-06-12,140.02003666226486,140.22936033941673,137.727073919716,139.12275773050595,1724249.6149464631
2023-06-13,141.38324503136909,142.31112341954707,140.8210770047908,141.64205068088717,820115.6771054572
2023-06-14,142.3453757791552,143.38528046655128,142.02425992959124,142.23348180333576,336976.15695898084
2023-06-15,148.66727746235014,149.2811044501234,146.98383927012918,148.67548891038652,793267.419438362
2023-06-16,146.95868969126857,148.7846994048155,145.55862298804834,146.36449305454454,1130140.253291443
2023-06-19,145.2623576924002,145.94028356373946,143.03403984636594,143.9988914794634,518120.53689469455
2023-06-20,142.08868454961984,142.8420303442257,140.4731017260716,142.35411893608,521424.54255247855
2023-06-21,136.257357751795,138.65938568631964,135.0230088799151,136.50207747305413,1171893.9407749427
2023-06-22,135.6638988316828,136.26961375468613,134.54935413399534,135.14181839314824,975673.8242147744
2023-06-23,133.5130196058212,134.25511497783052,133.14566810404912,133.17207386100804,1016398.4977057932
2023-06-26,134.5633989225061,134.8626915029126,133.3598841008185,133.6400452596381,620752.3326499653
2023-06-27,134.91587904590025,136.21762033529905,133.81431143331562,134.62391495323726,884799.6428971164
2023-06-28,139.66169370506387,141.40285094718425,139.2376326605998,139.8413397504574,537883.4278658478
2023-06-29,142.89154303841997,142.92354718748572,142.1223762760029,142.59621562307382,1445099.2055623934
2023-06-30,141.5852349797565,142.3386528501027,141.01643091858676,141.03088318946504,1517624.6673618762
2023-07-03,138.99894785783758,139.4589200007767,138.0424225192352,138.5887067672389,76906.06888095313
2023-07-04,140.28255889269843,140.96027426245053,140.02249960733386,140.0289218771448,535244.5699037949
2023-07-05,136.98143726661044,138.99482451413706,136.0117140312893,136.44809992181587,251735.37245496048
2023-07-06,142.1941800655362,142.33071539661893,141.49992246638752,141.60953227031334,674988.0327965509
2023-07-07,145.75323361859452,146.11855516990664,144.97379116387043,145.06215412307577,958281.0151048196
2023-07-10,144.1035545376618,144.2882348435267,143.40918856398486,143.779199593867,275177.3901507349
2023-07-11,138.9223017330052,140.35298706269333,138.6635056703381,139.00586077316365,539070.0934373434
2023-07-12,142.96599177053645,143.9376058090471,141.29398775681508,142.8926349273198,498021.31395925075
2023-07-13,143.2402267105022,144.44064061844665,142.0760527793068,142.63697222724804,1103633.664699472
2023-07-14,145.87686849978667,146.94223061425168,145.58138818175752,146.28533633528028,1034672.1685181252
2023-07-17,141.94930300003065,142.9962139827126,141.06801194108345,141.7649663455942,639131.2233313734
2023-07-18,139.94908995017107,140.68241210886205,139.61527046041508,140.14575935633476,1088410.436069699
2023-07-19,140.24492793597025,141.43063209063325,139.0574308869162,140.23055552450285,726659.9577063674
2023-07-20,141.07180441125092,141.79075772191598,140.06293628774918,140.43257847994727,864172.4448369733
2023-07-21,139.33932755036648,140.3353752361723,139.1364758723523,139.24377801635652,1836726.0451492686
2023-07-24,141.08291676814147,141.83971185671092,140.61198156825313,141.0596984940634,1670230.5258951741
2023-07-25,137.46879189145196,139.57053062868374,135.89791573938345,138.1487199619419,350209.3815362012
2023-07-26,138.19791061617806,139.69924426813355,136.69801636425464,137.82478383316445,1414866.2089395872
2023-07-27,138.54861518732204,138.87129502616418,137.03194809035247,138.2258730967515,1405698.277245796
2023-07-28,140.80686213043455,141.0576951468896,139.58229167401814,139.72523476878183,425868.3556236909
2023-07-31,141.6450571477244,143.12714040704995,139.9125421482393,141.7989462652009,1409388.8218774302
2023-08-01,138.8240026252781,139.38023263467875,136.48312731525348,138.71442746144612,1768965.9592062766
2023-08-02,134.71495260206834,135.17084037414995,133.9522096587722,134.59026076021297,438727.5968777931
2023-08-03,138.93161800417553,141.09662034907663,137.64204688934936,138.1428913642938,541248.5894928682
2023-08-04,139.0859872624523,139.77715325902594,137.28492952829956,139.13363502864578,1508830.7334217513
2023-08-07,137.27441497860826,138.2022551066895,136.59223041598906,137.13490421572308,1135747.655412824
2023-08-08,141.83061871530245,141.88763184019953,140.73888670853594,141.5266704604442,1275738.1376197618
2023-08-09,142.01871994414742,142.28731222301067,141.30456778431812,141.92541538256924,1170294.6082002483
2023-08-10,145.16210644466335,146.91379167835115,144.99396262607857,145.38532325193862,1195347.960464072
2023-08-11,145.75163387856398,146.25946963485362,145.18249830441772,145.65458888211484,336763.9358444585
2023-08-14,152.39589011637176,152.9341861954214,149.8797744310661,151.85907424144187,1523658.8533107243
2023-08-15,156.85045457987778,158.43621956689313,156.10254432376024,157.3637122295833,1584794.996213887
2023-08-16,156.72689678683588,157.09184951637877,155.58766892402264,156.66041194976245,885304.6279659861
2023-08-17,159.46414120227172,160.65341127708032,159.22489433816057,159.8142016097413,978261.5250930688
2023-08-18,162.5688655049316,163.61367469895265,159.89725952071922,161.9713421904692,234446.24872213893
2023-08-21,165.78782129790707,168.51577133967496,164.86843670632064,166.54941475029895,1257127.3780089174
2023-08-22,163.16832406498074,165.50399211855685,160.6380365422344,163.44778498861652,1286028.7208570722
2023-08-23,165.9773929249333,167.08060129065498,165.50278276552092,165.78878698740104,968904.4915003445
2023-08-24,170.20314514101335,170.42439876459912,168.31942349139763,169.4203831263962,1562176.6799352514
2023-08-25,163.61357529449555,163.92326372492096,161.65522784027496,163.64645042503204,832961.3845100298
2023-08-28,159.6215240796695,160.2065305408252,158.3919744852171,159.8991238430161,1282302.9629468
2023-08-29,154.5262446602698,155.3419818728091,153.088966902313,153.58566612554952,490167.8306539422
2023-08-30,152.11274333856284,153.69722377713072,151.64743288178278,152.83675028877096,988223.9245628809
2023-08-31,154.02403984848323,155.70652026536223,153.9180914941791,155.12344282679328,912822.871048582
2023-09-01,160.1551453514977,160.3222670652841,157.290794779454,159.93513812647103,1112653.9610204708
2023-09-04,160.00140007521705,160.53500713788165,158.4984297468219,160.25242718739335,815236.5355833208
2023-09-05,165.1303433414151,165.88965087616404,164.87660367992055,165.64095974998048,934263.7021641661
2023-09-06,161.566219284216,163.17356486023598,160.7443478888009,161.21204106056632,1413023.585720753
2023-09-07,156.01225026433943,156.5032252159777,154.8045635825145,155.89034990745384,781617.8813808913
2023-09-08,155.51309785095134,156.53001495236953,155.41511469748045,155.7951371663197,196711.44963066035
2023-09-11,156.43482135129895,157.73785481930182,156.12677081179484,157.0749735506344,1874791.9521027105
2023-09-12,157.48703102766697,158.6605048851523,156.65915379610513,157.0508023635269,1690727.0393452432
2023-09-13,151.08982315067456,151.27084470937828,150.49559562045013,150.76472256169524,353868.6524471907
2023-09-14,150.5219177476705,151.86833762751604,150.17872547217308,150.5715056795602,1344853.9026225973
2023-09-15,147.69067174744225,148.0903596991949,146.14578135956236,146.76735324941842,748512.6147243285
2023-09-18,148.28564682566878,149.4720461026237,147.91603648962516,148.82068920883185,1131743.6076655297
2023-09-19,149.22806128642853,150.51944055364066,148.85096089252633,149.9908238718909,1147112.0645067468
2023-09-20,146.92535454921278,147.8576726029085,146.89609173552782,147.27130858415342,882796.099841839
2023-09-21,145.81561057670234,147.07668665631374,144.68956032593016,145.8384035848801,608117.1672068017
2023-09-22,142.9744960184145,142.99576759515057,142.80143257016465,142.85282629375314,654729.4738418703
2023-09-25,142.62459750592663,143.05404854745376,140.85156503771975,142.7452155348548,541904.0422593788
2023-09-26,145.74706232827384,147.4492772729091,144.30911312930272,145.5710346300167,584088.8958847777
2023-09-27,142.17488819171854,143.04141108330234,141.26915589085593,142.80065790381377,966410.8549753224
2023-09-28,145.04152598512476,147.64320909930515,143.66587734443934,144.31964368308815,642120.0054446241
2023-09-29,142.82753988295497,143.4341251177828,142.23187858891148,142.86861547215125,1341026.03285631
2023-10-02,141.24992678990432,143.01068954906015,139.31684078093943,140.69127887411025,1743623.0776679637
2023-10-03,140.63201166058525,141.3853532816898,138.32497477341772,140.4606489873964,709973.3793149785
2023-10-04,137.8795181631045,138.2606765479873,134.51339301986764,137.65114155352762,1119702.2502676887
2023-10-05,136.48830841749987,137.7780611715826,135.1473679683177,136.20342477738376,1249842.555151467
2023-10-06,133.26946148487585,133.9426428361458,132.82236829073804,133.0456072048672,1236001.1354596373
2023-10-09,138.76820943504265,138.9066654190264,138.3919540544926,138.4468480551089,1037977.6339580438
2023-10-10,139.27839089641395,140.50268913270332,138.32826055649008,138.61381463134774,1371341.2091798612
2023-10-11,136.85411401923943,137.06313727652545,136.23473100600935,136.75585343438868,1241124.4763403286
2023-10-12,137.76555790134856,138.61607835555785,136.76584043660424,137.4110560225543,381168.78883635113
2023-10-13,137.12640084739493,137.75179214434328,136.5707963813915,137.17126869453855,1434578.0321946365
2023-10-16,137.35475154264978,137.9433299470704,136.5451122536698,136.63469293492506,1443645.4186333711
2023-10-17,138.05435540864582,140.06245606402683,137.8570169883385,138.39255155967544,618356.9479107093
2023-10-18,141.4759233673841,141.87059489720707,140.42417986727517,140.5754531509287,1018968.917723801
2023-10-19,139.14131325645297,140.35727529381035,138.9464049761003,139.16139223177515,1341664.4964055347
2023-10-20,136.92136542632903,138.0813556456082,135.78759532946196,137.63675297738806,895343.0902103193
2023-10-23,137.01419741679538,138.21082890344104,136.35658848705913,136.95014520933998,1536489.023883006
2023-10-24,130.51299457389007,131.4633033069469,127.5726059392258,130.8535204026275,2181936.24730968
2023-10-25,127.43145063966347,127.56546780633639,126.35522808863934,127.0111288651691,607006.9836825088
2023-10-26,130.2701592441376,130.611159428518,130.07542304941882,130.5964712337888,309477.6984231126
2023-10-27,134.80887637686004,135.81686640654968,134.79016762041414,135.03196809346744,1151909.2978024378
2023-10-30,133.48351066768393,135.07656146700057,133.09499221459504,134.4282810331567,1360781.2525630717
2023-10-31,135.82922151181018,136.17632282004251,134.70510879182416,136.05537467143472,884566.8130776156
2023-11-01,135.76149132914028,137.39296343636178,134.81396486701743,136.97343099245475,1726630.331660517
2023-11-02,144.95393319066355,146.63337678020852,144.18105552283993,145.74588460240642,330697.10013837565
2023-11-03,149.500913579854,149.9383718801774,148.7136539646573,149.12070625178185,1346459.3115158055
2023-11-06,149.20697913414648,149.92936049197425,147.84242232027978,148.81407905482106,697069.5896205533
2023-11-07,146.2828701113157,146.65570326340747,144.6905231656343,146.0701413304232,1859688.9531036485
2023-11-08,141.03891073516405,143.24936265796205,140.4121935105741,141.52239880672866,1996257.6765840591
2023-11-09,142.14667718739577,142.57016905108136,141.284283715013,142.17053286546675,616671.7061083261
2023-11-10,140.10433587230855,140.33082186760575,139.15121082693247,140.10613714185385,725221.4320457099
2023-11-13,135.6658786941611,137.17765187063046,135.1527932740638,136.24506103875737,1429793.943489901
2023-11-14,135.3135197223251,136.73188545525815,133.83672478459354,134.56182057144153,806434.6751052428
2023-11-15,132.18691286805998,133.94772168004076,131.23205343565718,131.74823172277215,977294.3910338809
2023-11-16,136.22731367292943,137.86345207441434,135.58583207770647,136.33779575984425,1012694.210271205
2023-11-17,138.8459739059423,140.10855800936946,138.40060844177108,138.83253098644502,40163.421901171794
2023-11-20,138.98400946774262,139.53586761363508,138.07940853854117,138.87981806376885,993081.1269528813
2023-11-21,142.10262251279886,145.68168923267925,141.34833118298528,143.123489947011,655136.112967913
2023-11-22,143.29322761552947,143.98106390544717,142.10431424405482,143.41681630678977,753438.588800114
2023-11-23,140.69702877444277,141.22257220163868,139.98872492724172,141.03802089844166,1721816.0017344072
2023-11-24,144.97240601599992,147.01532597351525,144.62095780845834,145.47321602094738,371746.5528603719
2023-11-27,146.98262884416383,149.12927187876593,145.9124786058474,147.12317899060682,1406602.5933739888
2023-11-28,145.07347210291755,147.13497567955395,144.14810758024373,144.17462883949278,860518.5348340957
2023-11-29,144.01908480793287,145.227451038526,142.81678872607165,143.69866337729937,860119.9157520828
2023-11-30,140.98909701311584,142.29874903381872,140.82603004917206,141.27468650800725,1395185.9480258557
2023-12-01,137.77614629555367,138.36867324475486,136.74495226006914,137.48985490487559,1170025.6472844451
