date,temperature,humidity,pressure,wind_speed
2023-01-01,1.7705454049595588,67.10862493809104,1013.9792262754884,10.242149740325747
2023-01-02,-0.08251802609840547,71.16172142210128,1010.1872530201025,10.321972351727446
2023-01-03,2.33155878671577,68.8971826105511,1019.1086302093304,16.166710111710053
2023-01-04,5.018130741451468,67.97931512201842,1010.3649345017355,13.007081360223713
2023-01-05,-0.18855918899283175,66.22923067521909,1025.5772264414022,11.383477561705577
2023-01-06,-0.11935762893205348,70.18222968576075,1024.0232414499096,13.42385432326619
2023-01-07,5.394116047643591,69.79293343240545,1023.7907138345208,19.204274621818243
2023-01-08,3.0364564430314234,75.73748981745949,1027.8586738734102,16.866164338838946
2023-01-09,-0.5923689692119947,75.09253861503204,1031.2725911759956,11.105162745031846
2023-01-10,2.529839261629463,79.50099265674305,1027.5824154880422,14.096092553533955
2023-01-11,-0.3978115107812643,66.36216794095039,1012.4558828811862,13.97618350228398
2023-01-12,-0.31031451439872026,74.51676044080276,1014.0335634210954,12.77945526440393
2023-01-13,1.9113174989485828,69.96105127921746,1015.7537596344464,14.185769188864064
2023-01-14,-4.451760556753399,83.17489494446507,1017.1978216818122,12.980914447108242
2023-01-15,-3.7799606895786386,67.84848891801356,1017.6674120105232,16.935457891630108
2023-01-16,-0.18132563250656641,65.8920536053494,1009.3712809342327,11.848813677870975
2023-01-17,-1.4182135578964994,67.71214355172815,1011.8547169142078,12.012089407209697
2023-01-18,2.6817293486353684,58.03965670413328,1005.1557189074754,14.052615356469307
2023-01-19,-0.8624478037272758,67.80244879345983,1004.0645584621155,13.01165178719926
2023-01-20,-2.2487564249498275,67.32871490470642,998.5352462609849,12.05760502389255
2023-01-21,6.51548693262762,67.49422546606722,999.723579731601,12.782497505369243
2023-01-22,1.5754147256274762,70.92107251607206,996.7310118089669,18.978627366596683
2023-01-23,2.5933085295465985,78.08419993130613,998.1754147814306,12.021479105554121
2023-01-24,-1.741803954127489,75.62302116799398,1008.3229900293566,12.53161417136294
2023-01-25,1.044703526888239,66.59312995824386,998.7424403928889,15.159403134052702
2023-01-26,3.159681884019181,63.92808570124861,1017.5016562863425,15.402545811935536
2023-01-27,-0.47339705488705697,72.69629438497606,1008.0351412496304,15.724968879433296
2023-01-28,4.262909203685359,61.26737936305411,1008.0463280955496,14.157337374789607
2023-01-29,1.4936461641819527,78.4104707471808,1004.6408446683358,15.746766092705705
2023-01-30,2.583696347361103,74.60535242992589,1014.4224324888673,17.29396379748223
2023-01-31,1.8202930361333727,66.7439752214098,1010.1218108688112,15.90791392985595
2023-02-01,9.352253238078486,56.75820073550638,1015.6891659814045,13.451261114977623
2023-02-02,3.9282529813264166,74.80523538016386,1029.8677891221018,14.879905586885824
2023-02-03,0.972206638693613,68.9411974543901,1018.3975530243015,12.882440897470476
2023-02-04,6.792785402082947,72.79268885882583,1026.1778148862024,13.74846379674854
2023-02-05,0.845594144312229,61.60506463387205,1018.144371912215,13.797580427806407
2023-02-06,5.320799276659263,64.3427252469015,1022.3356227104666,14.169763629974858
2023-02-07,-0.9956646541335079,70.52405082565768,1031.7992221318602,17.81476724197976
2023-02-08,1.0909225796705337,69.68944167898843,1019.8103836647439,14.402987255117571
2023-02-09,5.86114029208265,64.81910249656246,1031.572807952936,13.842703648076284
2023-02-10,7.683915226633569,69.27229204842071,1025.1990137151217,16.06942300931596
2023-02-11,6.183403616956899,61.57019604460858,1017.6191143753026,16.81155927194883
2023-02-12,5.525902101108388,66.52515152433934,1022.0398912182023,16.99099653662237
2023-02-13,5.1757886088206835,68.01358385414915,1021.9301386788917,15.164418303714301
2023-02-14,1.8524299270907036,71.6459792067484,1018.1881667192637,15.53878206305103
2023-02-15,4.3399410304491095,71.3881038752199,1005.1488764005477,14.389982145338212
2023-02-16,5.331553989606342,61.71101254600749,1007.285197212698,17.685403551343732
2023-02-17,10.101289105582254,57.27878459353076,1007.6950403914844,14.068386952577143
2023-02-18,8.17962075822213,72.29857373038148,1006.749980331575,14.053814475234555
2023-02-19,2.080815376130232,70.62116237183284,1008.6719122329795,14.254075911334386
2023-02-20,8.565618655784728,61.974757989324864,1005.2282509668219,13.838266185137215
2023-02-21,6.663745557014224,74.4238870991055,996.812713043498,17.135899395105294
2023-02-22,6.01597993553936,67.57038320369462,1004.9557703013471,18.22163190313676
2023-02-23,10.111588740416446,70.84069155011092,1006.1077097727365,18.7382434734588
2023-02-24,11.601364679231384,64.53691006743486,1006.2883870767037,16.547689485828364
2023-02-25,11.535936318163845,74.53577146532803,1009.7436495899287,17.031872343405727
2023-02-26,6.460027592242489,75.54669041609478,1009.7381625179705,20.567553107323214
2023-02-27,8.28741177879225,64.61147336820851,1009.4180478732175,16.072738374897547
2023-02-28,10.447922150850596,69.63389367934649,1008.5818050119489,18.172361408394888
2023-03-01,12.621493548721503,66.91613297356498,1002.6160784242425,19.175130938046745
2023-03-02,8.49963379255243,72.59334089138552,1015.148091095663,17.323271059406917
2023-03-03,9.623978144623083,60.36339362478793,1016.1175553439932,16.401732809181155
2023-03-04,7.10717670813758,69.8766689459234,1018.4252606167348,21.136765941754142
2023-03-05,7.084143634548853,71.75005061697351,1012.4941096438232,17.3656340106916
2023-03-06,13.358205104171011,54.527200015798925,1015.0261655527327,15.43440088282361
2023-03-07,15.238420658969664,56.4644971071863,1026.926018304509,21.996371492881934
2023-03-08,11.203878145169746,54.201900038614625,1022.3127893936683,21.407896781785404
2023-03-09,14.68177599861359,61.312077828470414,1026.352722440546,18.739357341217456
2023-03-10,13.008340577113614,67.083540990423,1023.086810834335,19.54105267945385
2023-03-11,10.241240088535964,72.39116521621216,1022.6593458604303,17.705419713924904
2023-03-12,13.514789653803078,63.613079075197334,1026.3516730677245,21.988443363132443
2023-03-13,17.29947738943369,69.49333903313962,1017.8512246136871,18.852098745241033
2023-03-14,12.833340300971173,56.68282255843996,1019.3584564076297,16.41970929729279
2023-03-15,17.890810293951727,52.537682656248364,1014.7559899872329,16.539545606471627
2023-03-16,5.594239226019244,66.92514189250728,1012.9066357710161,17.341420809300452
2023-03-17,16.176235532063973,63.83220947866455,1011.4541393826568,17.0824346887218
2023-03-18,14.229104802679716,62.72197385818968,1012.031551949991,15.672273960182402
2023-03-19,13.328682940253591,52.998448029673824,1006.5388904609247,15.162922921113164
2023-03-20,14.75895815526532,62.1749207248034,1013.4009281049429,15.058281659560668
2023-03-21,8.7790929138598,59.088106040545824,1001.0955152341285,17.151135474128314
2023-03-22,14.340984336487464,66.17787057590645,1003.4053877413488,15.74855758195837
2023-03-23,16.32953805687276,63.66822220204786,1001.2907795456777,20.001239526346616
2023-03-24,19.950006308565733,55.325597914080355,1010.289670468086,15.231766092354182
2023-03-25,14.219484353527864,60.3209232365526,1004.0375549288752,17.91543579688952
2023-03-26,13.606555593355235,57.900654593877626,1008.6486575343915,18.271878998736973
2023-03-27,14.784200850308089,62.2945040884801,996.9119440969707,15.510771987930195
2023-03-28,19.292731814817742,65.12934569509731,1006.9038030745724,19.155601839769695
2023-03-29,17.789374002469344,56.17668276708761,1011.5703014551924,17.741574683547718
2023-03-30,15.469900970397855,64.78528209239029,1009.3440535156191,19.703678916647352
2023-03-31,18.854434609304285,57.92149460348565,1016.2482849671492,17.96513446590943
2023-04-01,17.860629810766287,57.10532093330514,1010.4135577494982,17.821156073864103
2023-04-02,20.72933561924733,59.10018039060354,1022.1258541091055,17.947415879295882
2023-04-03,15.970408216397232,56.83858427970451,1028.561857048854,15.673482743264763
2023-04-04,17.345836255269177,58.558835345629504,1017.0636597207265,16.64788770051044
2023-04-05,17.40376703069278,55.30872702170937,1018.2039356477701,17.899431942516074
2023-04-06,14.439754582346449,72.60374837340872,1028.927176423433,15.30571232276484
2023-04-07,19.967733194205312,60.19245116275599,1030.408425891605,18.985370993525464
2023-04-08,20.110402309748803,56.44617130516267,1020.3309188179163,16.77962948735713
2023-04-09,19.58915873977172,61.27532018378525,1020.8442848682034,15.925630048764683
2023-04-10,19.115283525260025,59.88071798891584,1021.101642118649,19.73455152056228
2023-04-11,15.816731267760456,60.98678636845366,1014.938001482673,16.2648121650429
2023-04-12,19.0432058643495,63.549230568042375,1015.838188522353,14.988654146599197
2023-04-13,19.51772459377979,64.02867625334663,1013.8571486891644,16.572102623151356
2023-04-14,18.37811928598925,58.15843461895274,1013.2283786052374,15.569810860421434
2023-04-15,20.538462703091568,56.85167744523081,1014.9056924712436,18.972474043083373
2023-04-16,22.470056609628365,57.3897132094276,1014.1710736626826,15.23626449108903
2023-04-17,27.150191591888056,44.91529838037805,1018.6733855558928,16.12790553849608
2023-04-18,22.247173564601674,51.300457906706406,1003.9408633655481,15.184245251917597
2023-04-19,22.725905235711057,65.4714187193671,1012.0437594694582,16.423483172045646
2023-04-20,21.957669854438326,67.24600364028726,1004.4986075240985,14.914985194129342
2023-04-21,16.650319606502535,60.42965999896684,1004.0924274138935,14.863582973672505
2023-04-22,22.550522531433916,61.607523549561876,1006.8635322978815,16.81978078037237
2023-04-23,23.031924740306334,60.040288402564514,997.4411709385058,16.673109484130002
2023-04-24,30.45980391053035,70.16450208701102,1004.9668297772375,18.861435470588976
2023-04-25,22.70944680317093,64.24315115558741,1004.3216958781137,19.870183840526288
2023-04-26,24.4051683713676,57.15782785691236,1006.8020022821963,18.319507836470823
2023-04-27,23.607868792691285,53.41836340065223,1007.0143949647652,16.631738743858804
2023-04-28,20.414866191552854,51.760335302935715,1019.3986481766298,16.672000808331017
2023-04-29,27.555621495271954,57.23950743170014,1005.7439336479854,17.163969584507868
2023-04-30,26.586500324673334,52.92499611124181,1008.2658983168133,15.325135648023549
2023-05-01,26.9045803544818,49.43644127477073,1009.8842973678762,18.14328723788888
2023-05-02,22.001281051140502,55.76649505321712,1012.3017313123763,16.379003466278213
2023-05-03,29.132902206442473,50.02580887870678,1013.8804307942254,15.152693126920964
2023-05-04,20.91110109411734,67.98015762830416,1024.8229351784626,16.777652008528406
2023-05-05,27.066362789755814,60.87501738986934,1027.5339694947231,20.66169267008548
2023-05-06,32.06324178320464,53.9285159018146,1018.8065225690971,17.742422654181723
2023-05-07,22.703240358834556,66.04810051503284,1018.3487872974304,15.06123312430063
2023-05-08,24.15576738563037,58.30895784542291,1025.3022967356146,15.984020900025875
2023-05-09,26.330209439722704,52.52847427349733,1020.1841037322778,15.273797023959219
2023-05-10,24.694154353099734,65.26854320979842,1025.675224251729,14.536777295546205
2023-05-11,21.722596833980038,61.83325180143328,1022.6748691421009,14.317711374593852
2023-05-12,26.74691132767715,51.44031356452914,1012.8527276797878,14.005854622772533
2023-05-13,23.517526624883317,57.2895432971403,1026.615378529575,14.26044906883818
2023-05-14,28.284962143257204,51.479427661447616,1026.0467547962357,16.654971488044772
2023-05-15,24.262143619918742,50.954929535218945,1012.0151734557558,20.337679059017034
2023-05-16,31.822889100163035,58.71944318757669,1011.0614922003201,15.320263125455938
2023-05-17,24.9723884225275,67.0608889910869,1012.3502100454468,17.697793507117044
2023-05-18,26.501374846870092,49.756474707469245,1010.6049175191771,13.792764195589655
2023-05-19,30.04982773662618,57.789932315139765,1010.4148688404395,21.20553414739784
2023-05-20,24.05466342361105,54.71945544258534,1015.6195744390578,15.814890751294273
2023-05-21,28.563839177949433,53.2824534922018,1003.4550098246854,18.25766973739987
2023-05-22,31.93327358379124,51.071393586910034,999.4979486143562,18.30888422827475
2023-05-23,23.315925873479962,54.02208321486094,996.1581849062446,14.871038291306803
2023-05-24,28.814914224747366,55.83515102735045,999.4001308466077,14.850763310534997
2023-05-25,29.1593685796385,51.265565128125566,1003.3237999726795,17.961612869202256
2023-05-26,30.83993166011558,55.9323182988414,1013.3125352797446,14.145503539087073
2023-05-27,24.894355059405292,57.30163192305167,1002.9804952500452,13.549667341769451
2023-05-28,24.750549983527176,56.42998477390436,1008.2410872352698,14.613904081367554
2023-05-29,30.380394012600213,50.2719846834919,1008.8505190888782,15.842216504129484
2023-05-30,29.804079273387508,52.21410371046458,1016.8628494590628,14.674034827901277
2023-05-31,29.759036983381506,58.897437637438024,1025.634662129368,16.325471041096435
2023-06-01,30.13718549761936,57.43599318931223,1012.4247730435759,12.682562359856941
2023-06-02,27.143871646671666,51.540287952671406,1014.6201692181668,14.816128760404805
2023-06-03,29.962608835910316,55.51535710919097,1024.0986569082702,13.132721270915694
2023-06-04,30.222739818774627,58.64556570747163,1023.8409057029055,17.0234844769802
2023-06-05,27.27389250400541,48.016027342390444,1030.8937906665246,13.272174164185664
2023-06-06,35.083422598257094,55.17508966277112,1025.4302060895814,14.70318080657925
2023-06-07,30.97245759050797,51.20065241001678,1021.1487584997474,18.10620862756214
2023-06-08,26.03759633597836,59.834195174976614,1025.8984931071443,13.168949503620823
2023-06-09,31.63738594848634,50.36501124304424,1028.054083065866,15.650958360702209
2023-06-10,26.795552043392174,47.57781347498131,1025.7626649438312,15.51746288209344
2023-06-11,32.12836106250874,45.79810727932982,1022.9678184103104,16.82628581416195
2023-06-12,33.28602837293201,53.597410546840905,1024.2112259708706,12.985118591451803
2023-06-13,27.386940471255162,57.60514227297983,1022.9138443829864,13.762077978397878
2023-06-14,32.77346152900195,49.09168610997698,1021.9899118633653,11.732842437652252
2023-06-15,31.151611384218775,57.61715660177749,1016.2435494379482,13.158544833932622
2023-06-16,32.404965422191154,45.48991697755962,1010.0852926902381,11.629169550233314
2023-06-17,35.650253544584174,51.84447423447133,1009.6662020014086,12.934595440979143
2023-06-18,29.240366969324853,49.324735516525294,1013.1546923096171,13.997131681642777
2023-06-19,27.727541675522783,52.87704862322781,1001.4838733902899,11.659610823261294
2023-06-20,27.32798424082179,56.57300123617117,1006.18311250652,15.308748067913921
2023-06-21,27.552430241146535,51.92171805300697,1001.5227407754118,11.317042633013983
2023-06-22,29.767444751578758,53.1934999030615,1003.1985051609914,13.61055585302218
2023-06-23,31.01665013476029,59.52313897869206,1009.4470403593538,13.020624892461885
2023-06-24,30.81326813176556,51.70890658650147,1004.444930177148,14.437275510230688
2023-06-25,32.450307160088954,57.95330698028123,1004.5719287029364,13.917671249045714
2023-06-26,29.988889201946275,49.35702112573877,998.7692710403264,12.385709398330008
2023-06-27,34.287181897982414,55.50542994058521,1010.8534153072113,13.74962204310373
2023-06-28,29.104882239297346,62.65540198364083,1012.1600544749474,11.336157745251722
2023-06-29,38.02721845967068,38.62816826952822,1021.7371567083496,13.940359486766516
2023-06-30,31.707165896780126,50.16194077425755,1011.461108825235,10.640261905942367
2023-07-01,27.217749580208608,59.2764858457984,1016.1748685464974,17.087080821080747
2023-07-02,26.531220785516396,55.71916267702684,1018.3142848493119,11.222988502626558
2023-07-03,31.14162262041191,56.28491805665059,1026.7651189217422,10.533112365026655
2023-07-04,28.96976990350797,52.495189114666914,1019.9549705928392,10.79825719147184
2023-07-05,31.723774431712194,54.5710617215084,1023.0553616666962,10.185511549324195
2023-07-06,30.938779619081597,53.752224013498804,1025.5500477115343,10.156343122312668
2023-07-07,29.233571490491613,61.22212456305323,1023.8782645694645,11.737393633898456
2023-07-08,26.840386100604235,57.85191116620395,1020.71305088093,12.397423201297755
2023-07-09,24.76067327539909,59.307676672676465,1023.481015127443,11.799673345915377
2023-07-10,27.885878843981512,53.997675747396904,1027.0284127871432,13.34995797341043
2023-07-11,31.71061353382673,51.70666211272417,1015.2988717577186,14.779620134710518
2023-07-12,29.695501426822087,52.98945834749085,1019.5427008936591,10.709938916045049
2023-07-13,25.223642629433726,59.36043939717462,1013.5667623560622,12.41126688989381
2023-07-14,29.383903610449945,53.20312579067371,1021.0543500528019,15.475307329889567
2023-07-15,29.919706530077416,56.489021019443356,1005.3840654760811,10.098131236393913
2023-07-16,26.007497142809846,67.37325542182226,1008.1262738554645,16.32747020114531
2023-07-17,29.011512352706852,59.849867340805034,1010.8186929445646,8.783101832215005
2023-07-18,28.612215516361633,54.06377458097998,1014.949767623247,11.19714485971489
2023-07-19,24.89194894595053,63.560095137844456,1005.2398004398611,8.844334699646614
2023-07-20,29.273545140647883,53.3228505645683,1001.5637483286896,8.813104863205977
2023-07-21,29.75794835974453,44.93040314423847,1012.8952201842513,11.191694244284173
2023-07-22,31.1962856502745,49.361425620275725,995.814711544236,9.223781221443303
2023-07-23,30.976238702352113,45.15792104369467,992.060751263217,9.074115378862043
2023-07-24,23.54572775642468,56.46956870158112,1005.6895070873151,9.156524764939203
2023-07-25,24.725407071534185,57.729388360180664,1001.8294748403925,10.115731534909322
2023-07-26,28.940418782484624,63.9119771701341,1000.4623876595725,11.008175665327235
2023-07-27,28.78942862442537,57.23992255660813,1010.663929713572,8.47809947600812
2023-07-28,28.642342253732316,54.583326229089515,1010.1516371380981,10.142233778630764
2023-07-29,38.5009374287034,54.89655919156575,1008.1004899381388,9.406935608958735
2023-07-30,28.49741935826022,44.695613775830466,1006.5984780066456,10.415870477830817
2023-07-31,30.02995754104741,56.16309402001912,1019.4414035495784,7.728745933738065
2023-08-01,29.32033448233775,59.194158728265954,1020.3183723205514,7.59599345438916
2023-08-02,28.244176166897525,48.48498068765203,1018.3819732040279,10.751477630265857
2023-08-03,25.172522428807902,63.132509001630694,1029.6646332350124,8.843782743560595
2023-08-04,28.220270972777115,57.58234655108351,1016.3098302062136,7.421430635425765
2023-08-05,23.446678061526715,56.20022139973264,1014.8829393083278,9.727096704897608
2023-08-06,24.873298331387645,60.7272601648376,1019.4856786042765,11.37267633500106
2023-08-07,23.943127759817354,69.3819004091133,1022.7172888719053,8.804569579533965
2023-08-08,25.45722356031421,58.18071949513537,1023.7272624095649,7.092131598067775
2023-08-09,31.96493366322353,55.25863609988991,1020.4540737485628,10.927388380925866
2023-08-10,19.225549780361035,58.090420612118265,1022.1917252373454,10.118917989409479
2023-08-11,26.689601269671996,52.40597751784004,1012.6201554019725,7.771860040084831
2023-08-12,19.593294605368563,64.35503178003695,1024.2861894511243,8.618263040295032
2023-08-13,22.813473402081613,54.31284416941486,1014.6683610162148,7.2851321229109125
2023-08-14,27.291212739275938,56.71222481645899,1018.5864791579406,6.829630453623656
2023-08-15,24.009618841673486,55.60690334533767,1012.634509823711,8.185211215685113
2023-08-16,20.373349684776947,62.20822428634349,1011.216399665011,6.745090199742388
2023-08-17,21.247927808372744,61.044346622248376,1009.9709838782363,7.931586880942719
2023-08-18,25.21739982491379,62.5789998088326,1007.8070945453127,6.605038676050553
2023-08-19,20.76985082727759,57.06499259208747,1007.5533597614933,12.278611928629175
2023-08-20,23.390311633983718,56.955469506541284,1010.1351974877106,9.111896127213285
2023-08-21,22.65534272139808,53.77851006038942,1004.0373868948246,6.668928529504805
2023-08-22,20.339289563812898,57.608888917712996,1006.5997998342599,9.809641164570607
2023-08-23,28.499224883083933,57.63689002368229,1003.0407563656123,7.9253659831534105
2023-08-24,23.740357469580914,61.9147643484363,1011.540332039403,10.66400322163752
2023-08-25,15.532354005284603,57.62299637646957,1002.1865902349297,9.675371236178872
2023-08-26,21.934368043851595,63.380845578602504,1016.1268496416293,6.6079288811859005
2023-08-27,19.154979987929156,67.20069930006018,1008.7318438160203,10.389488153320277
2023-08-28,23.461154154235672,60.33659743900067,1003.7670075812321,6.314231377986788
2023-08-29,18.28805726276137,70.23995043140964,1013.6405220745538,6.831630516260936
2023-08-30,20.08149663654582,56.09030568620923,1011.6738586208032,7.613962703857503
2023-08-31,21.699146527002373,52.92715321994173,1021.2705841757016,6.635798210715251
2023-09-01,22.53839281587832,49.837202347539446,1015.6147326264128,6.848819815374129
2023-09-02,16.095716392870074,69.43236336101089,1018.2005310887,6.152717073579854
2023-09-03,18.447188581579514,64.04823399098053,1012.2125503831168,6.081660923281915
2023-09-04,17.77862419450537,60.83276454819504,1020.2490335667061,5.568851447312778
2023-09-05,16.99499469319897,62.90234578499961,1010.8258223205379,6.831618055564506
2023-09-06,24.001695428057324,52.371707049479454,1015.0257048362541,9.055159812735603
2023-09-07,19.66953018634205,72.3939948049131,1026.312638443673,8.29563925585289
2023-09-08,14.420161868591805,63.43602497558024,1025.5892548310985,9.866775775052744
2023-09-09,20.703679188067973,60.195134378990474,1022.5587360636988,13.040309793740397
2023-09-10,24.062967376921335,61.59734943103279,1014.0429718072787,8.149340078527924
2023-09-11,20.539500975731197,62.13529567081797,1016.8288096500481,9.416229363769105
2023-09-12,12.628878055936086,64.80498109342761,1015.0611042127248,5.960490488725948
2023-09-13,15.478520443189966,58.30836750117846,1007.2081765540373,8.76853117811722
2023-09-14,20.475618554385296,62.11953250848733,1018.4378746006582,10.637536329587832
2023-09-15,14.295042850401643,72.26260105717435,1013.3194450221204,6.830799099677883
2023-09-16,17.49225547294063,67.98097249430458,1006.017326607927,7.460112738087197
2023-09-17,18.227101320774906,68.85238247280954,1005.7029809401987,6.889842287059838
2023-09-18,12.86454208033371,61.01165057767722,1005.3816600018935,12.912535893289423
2023-09-19,15.208700535221595,57.4476256310963,993.2807604949271,6.758680591595606
2023-09-20,5.405302933123112,66.6684139329402,1001.8188941337144,6.277343557980189
2023-09-21,11.797732122666812,64.37975850011007,999.6448598063283,9.522101946422476
2023-09-22,13.855018942413533,68.54344812114797,998.4813347875738,5.620339009518315
2023-09-23,10.611316959037495,56.23201837190716,1002.9342444977258,5.102541596357285
2023-09-24,18.994034751308014,68.15073422164906,1014.5569843794736,6.782304178835992
2023-09-25,9.548778677616152,64.43557116829697,1010.3263617834103,5.392456858905388
2023-09-26,12.261815292651058,61.734687003937374,1006.076738620328,7.943680267141179
2023-09-27,13.717336625032859,58.08080981118273,1013.7837969986032,8.606419996222623
2023-09-28,17.392597205409636,53.02941803796634,1019.99677718293,5.48600291475395
2023-09-29,8.505425592663565,69.86314012347779,1019.7022853227413,5.087515040604628
2023-09-30,16.047386062387133,62.342896804748456,1017.365518280359,7.802072473782802
2023-10-01,12.33420039717533,57.38309530270707,1015.6431686343968,6.330263460300841
2023-10-02,9.105380699952505,58.971915789705676,1023.9225648228419,7.654454443399752
2023-10-03,13.183496691192873,61.72932815795292,1023.6276809649531,5.519995669870815
2023-10-04,12.14259403326123,72.27381060981635,1026.9865312630902,10.138875384228612
2023-10-05,9.494016661309587,63.95503491252718,1026.1210779620926,9.123526323016247
2023-10-06,11.254423864049949,56.85707330238449,1028.1929825302793,9.854059328089445
2023-10-07,9.64059908142648,63.95098513885704,1019.8343891051487,9.43391600174493
2023-10-08,10.889859746651393,63.19145227793596,1028.247224366016,5.6568814969858385
2023-10-09,12.289786409525739,50.37067358052928,1021.4194462782359,7.046107168890088
2023-10-10,14.816923215068105,62.32006405987689,1029.254156886051,8.170051586751464
2023-10-11,6.102368813458455,65.7941429422274,1013.6214273403102,6.88009940724066
2023-10-12,15.973394163022288,65.49433474255595,1023.7589359240039,10.555660056880347
2023-10-13,3.4781171233730257,77.5057219130402,1013.9895539173133,7.12724526265976
2023-10-14,8.640790565046254,71.31242986521566,1007.6637930737501,6.574492516908824
2023-10-15,10.624612237219413,63.34325042861614,1006.5132043989704,11.601422363934407
2023-10-16,9.467970503661789,59.73338520446076,1005.5204109361036,6.96682515975248
2023-10-17,6.52411967528079,79.60473917860891,1007.6893814772357,7.397586427753646
2023-10-18,7.53703284630129,66.5275757469218,1006.9539234023332,6.092228821857972
2023-10-19,6.453604580915543,66.84284416910697,1000.6209348173556,9.124049735236865
2023-10-20,5.937815122537012,66.91046700318148,1002.9330080850124,9.929251008704789
2023-10-21,10.03017908937644,65.97533425915105,1013.7661328393766,5.368030510061586
2023-10-22,8.330110592657352,65.1131426440516,1012.127150687552,7.560973321329074
2023-10-23,4.960320491789041,64.6515297197043,1006.5213643105258,6.7107302847027235
2023-10-24,9.520193048189991,62.50560876970305,1005.7585691360671,7.3954376913603355
2023-10-25,7.528059626477184,66.07220383568142,1007.7223041106665,11.435305303996696
2023-10-26,8.832002337952016,62.86687497535517,1012.000223432894,5.8389660523215445
2023-10-27,8.072107741383736,62.39971721592231,1005.8069202658303,6.560895589923145
2023-10-28,3.4886540188599433,68.78782412902952,1011.7131173128832,6.055886569333508
2023-10-29,4.090187879959175,66.68001997291613,1006.7361965387896,9.581472136291346
2023-10-30,7.8104385964322685,73.61474564469731,1019.0634820437843,8.494504565815136
2023-10-31,7.20029009775194,53.14500590915897,1022.1138322214383,9.22178319811206
2023-11-01,5.10994985997128,72.90255932962668,1018.0155159432771,7.633401063266202
2023-11-02,5.331024186723346,73.56491386912647,1029.5301878542946,8.846913156666805
2023-11-03,8.621393545210037,55.32235206535424,1016.3817368479399,7.36087279994422
2023-11-04,2.8260674301878534,66.87352831450433,1015.6233445526337,9.354020435816599
2023-11-05,6.0575379919024535,65.11402667406982,1024.0674780464826,8.001006800166161
2023-11-06,3.6282683375588958,61.148307357631445,1027.7460566760124,8.880760290905377
2023-11-07,3.4035930790210243,64.4091200225351,1030.0798924951337,8.212689970671576
2023-11-08,7.178000393232634,60.858120576054546,1018.1370269404292,10.258626559352146
2023-11-09,6.1862466339839655,75.66822890012614,1024.2712566900811,10.549272672082573
2023-11-10,5.982199716143773,71.68729210766541,1016.8748240832546,7.066560261172527
2023-11-11,7.293175800957379,72.7111875744921,1014.2159804084736,6.905424914945451
2023-11-12,3.278263698717561,71.9692284708574,1017.4182996874333,10.19305338315436
2023-11-13,5.103115957145661,61.803183165341025,1014.1824974838895,7.933829589719204
2023-11-14,1.972000535405462,66.3913984008984,1001.0506727843207,7.690578201424893
2023-11-15,3.72442828577659,70.5846586632513,1014.5048492257048,12.876786843223691
2023-11-16,2.214257856038305,62.78223202752112,1012.4690085159634,8.372271579731555
2023-11-17,2.7521057036986067,72.18893929901263,1001.211932454608,9.286228748985476
2023-11-18,4.10673521601479,66.74500540120194,1005.4684525042355,6.735775538572916
2023-11-19,-0.2694945959478212,68.26064326022593,1005.5249319777311,7.433558742425042
2023-11-20,8.330029906307708,69.3897848878636,1004.3581498754369,11.2772321880262
2023-11-21,-1.0936469251389314,72.76814001999966,1000.7379090678213,8.280359463693962
2023-11-22,-1.842748897966231,69.11654361988772,1000.9816291224653,8.43772673269801
2023-11-23,5.1534727810578085,73.21991262629233,1005.4407813902689,10.107288269725068
2023-11-24,3.9373987208651746,62.62598400156793,1012.9857925733721,8.052473838053023
2023-11-25,3.3220224162862033,71.4186668265782,1011.6506343422141,9.543995567213198
2023-11-26,3.2259670763795962,71.35252275165212,1009.067811431392,10.230426214794093
2023-11-27,1.1995052905683556,67.85251515814586,1016.8584935532416,13.065560986672413
2023-11-28,-1.5561239473538948,72.40872708488753,1000.8364038050272,13.406444823982865
2023-11-29,1.266554709011489,63.11115476356773,1022.8111949326186,10.619599239473553
2023-11-30,-1.0847053289678081,75.1624877605184,1010.1792836290341,8.046682833929566
2023-12-01,3.783942049396944,67.18351829308658,1018.6192435477583,8.28708518040624
2023-12-02,0.33340415531100975,67.2196828197493,1016.0619045647137,8.453342342627415
2023-12-03,-1.7817065398342162,76.13589939910155,1016.037157784347,10.05354243703895
2023-12-04,-0.3449247797684273,66.65074393717042,1028.7493528905752,10.26366911056498
2023-12-05,1.7867361343646433,62.06432545099988,1020.6067129471232,9.508085607004762
2023-12-06,-1.2102404037728869,62.82197433426693,1024.243084571605,8.337487178607077
2023-12-07,-2.048434136135212,74.0542668247958,1021.4256511434485,8.761771838403314
2023-12-08,1.0909033749902144,63.05240155002348,1022.8166523908897,8.738633432520773
2023-12-09,1.0406943386438172,78.25362374059992,1019.2619619782262,12.89371969684194
2023-12-10,-1.2647278058131226,60.22271686348795,1010.6524053098151,9.624302140461388
2023-12-11,-1.2023371663124227,79.0834504246064,1020.0604510054134,10.436252747267591
2023-12-12,0.8659859585878034,70.62209435671919,1010.5312170841934,10.30102930803167
2023-12-13,-4.210963984393792,71.62191643284494,1003.1379735985237,11.91407326399415
2023-12-14,-4.12124406214088,69.3360265970257,1006.7920577644124,9.018458552829673
2023-12-15,-2.0819123302677696,73.03663673689424,1014.6259464302468,12.448083679464492
2023-12-16,-0.5902249814480924,70.10693897859981,1009.8196604557935,9.8392730675874
2023-12-17,0.9639652838131304,75.03452676817604,1002.5964852901164,10.677304205794547
2023-12-18,4.442872917073153,68.34970178477363,1001.7431463154562,10.39248621521952
2023-12-19,2.579784659295698,69.46161647766154,1001.4466057902304,10.649484491244445
2023-12-20,-0.478565469711349,68.4212216737864,1013.4385209641215,12.68932671495781
2023-12-21,-0.0569097197509176,69.74372674127011,1005.3991120982063,9.122681180991965
2023-12-22,-3.0041156236117903,73.0410666562662,1006.4899541981109,10.070033316889502
2023-12-23,-0.044289576572422676,61.471302825003086,1010.7199690153853,14.335100730584308
2023-12-24,-0.842507234093879,63.68032650651838,1008.3160932722078,10.035865677899379
2023-12-25,1.0082810843919354,73.2121799279176,1007.6374228401385,17.20400911804442
2023-12-26,-2.4204777728646567,72.06456607707203,1009.9391338463975,11.181020449657455
2023-12-27,1.6447709393142382,68.25769784857948,1012.6419937029297,14.85246428378022
2023-12-28,4.714883597738747,67.73472786645759,1014.8930057256282,11.916012729301995
2023-12-29,-0.17526787168086755,71.82554246264878,1020.7055141489428,10.885376818532063
2023-12-30,1.394893530387029,66.60375483325967,1019.1375819519612,13.697150204134509
2023-12-31,2.3033247238519534,64.95681401106246,1024.0946486408518,11.933477273030698
